UTC: 2026-09-30T06:32:11.826377+00:00
COMMAND: docker run --rm --cpus=2 --memory=1g -v /Users/abdulrahman/Desktop/thmanyah/docs/evidence:/evidence thmanyah-streaming ffprobe -v error -show_packets -show_entries packet=stream_index,size,pts_time,duration_time -of json /evidence/local-hevc.ts
EXIT: 0

{
    "packets": [
        {
            "stream_index": 0,
            "pts_time": "1.480000",
            "duration_time": "0.040000",
            "size": "91859",
            "side_data_list": [
                {
                    "side_data_type": "MPEGTS Stream ID",
                    "id": 224
                }
            ]
        },
        {
            "stream_index": 0,
            "pts_time": "1.640000",
            "duration_time": "0.040000",
            "size": "88876",
            "side_data_list": [
                {
                    "side_data_type": "MPEGTS Stream ID",
                    "id": 224
                }
            ]
        },
        {
            "stream_index": 0,
            "pts_time": "1.560000",
            "duration_time": "0.040000",
            "size": "85357",
            "side_data_list": [
                {
                    "side_data_type": "MPEGTS Stream ID",
                    "id": 224
                }
            ]
        },
        {
            "stream_index": 1,
            "pts_time": "1.458667",
            "duration_time": "0.021333",
            "size": "439",
            "side_data_list": [
                {
                    "side_data_type": "MPEGTS Stream ID",
                    "id": 192
                }
            ]
        },
        {
            "stream_index": 1,
            "pts_time": "1.480000",
            "duration_time": "0.021333",
            "size": "572"
        },
        {
            "stream_index": 1,
            "pts_time": "1.501333",
            "duration_time": "0.021333",
            "size": "438"
        },
        {
            "stream_index": 1,
            "pts_time": "1.522667",
            "duration_time": "0.021333",
            "size": "475"
        },
        {
            "stream_index": 1,
            "pts_time": "1.544000",
            "duration_time": "0.021333",
            "size": "537"
        },
        {
            "stream_index": 0,
            "pts_time": "1.520000",
            "duration_time": "0.040000",
            "size": "53009",
            "side_data_list": [
                {
                    "side_data_type": "MPEGTS Stream ID",
                    "id": 224
                }
            ]
        },
        {
            "stream_index": 0,
            "pts_time": "1.600000",
            "duration_time": "0.040000",
            "size": "53583",
            "side_data_list": [
                {
                    "side_data_type": "MPEGTS Stream ID",
                    "id": 224
                }
            ]
        },
        {
            "stream_index": 1,
            "pts_time": "1.565333",
            "duration_time": "0.021333",
            "size": "482",
            "side_data_list": [
                {
                    "side_data_type": "MPEGTS Stream ID",
                    "id": 192
                }
            ]
        },
        {
            "stream_index": 1,
            "pts_time": "1.586667",
            "duration_time": "0.021333",
            "size": "537"
        },
        {
            "stream_index": 1,
            "pts_time": "1.608000",
            "duration_time": "0.021333",
            "size": "512"
        },
        {
            "stream_index": 1,
            "pts_time": "1.629333",
            "duration_time": "0.021333",
            "size": "498"
        },
        {
            "stream_index": 1,
            "pts_time": "1.650667",
            "duration_time": "0.021333",
            "size": "539"
        },
        {
            "stream_index": 0,
            "pts_time": "1.800000",
            "duration_time": "0.040000",
            "size": "84689",
            "side_data_list": [
                {
                    "side_data_type": "MPEGTS Stream ID",
                    "id": 224
                }
            ]
        },
        {
            "stream_index": 0,
            "pts_time": "1.720000",
            "duration_time": "0.040000",
            "size": "70519",
            "side_data_list": [
                {
                    "side_data_type": "MPEGTS Stream ID",
                    "id": 224
                }
            ]
        },
        {
            "stream_index": 0,
            "pts_time": "1.680000",
            "duration_time": "0.040000",
            "size": "55506",
            "side_data_list": [
                {
                    "side_data_type": "MPEGTS Stream ID",
                    "id": 224
                }
            ]
        },
        {
            "stream_index": 1,
            "pts_time": "1.672000",
            "duration_time": "0.021333",
            "size": "512",
            "side_data_list": [
                {
                    "side_data_type": "MPEGTS Stream ID",
                    "id": 192
                }
            ]
        },
        {
            "stream_index": 1,
            "pts_time": "1.693333",
            "duration_time": "0.021333",
            "size": "519"
        },
        {
            "stream_index": 1,
            "pts_time": "1.714667",
            "duration_time": "0.021333",
            "size": "529"
        },
        {
            "stream_index": 1,
            "pts_time": "1.736000",
            "duration_time": "0.021333",
            "size": "487"
        },
        {
            "stream_index": 1,
            "pts_time": "1.757333",
            "duration_time": "0.021333",
            "size": "514"
        },
        {
            "stream_index": 0,
            "pts_time": "1.760000",
            "duration_time": "0.040000",
            "size": "55101",
            "side_data_list": [
                {
                    "side_data_type": "MPEGTS Stream ID",
                    "id": 224
                }
            ]
        },
        {
            "stream_index": 0,
            "pts_time": "1.960000",
            "duration_time": "0.040000",
            "size": "81158",
            "side_data_list": [
                {
                    "side_data_type": "MPEGTS Stream ID",
                    "id": 224
                }
            ]
        },
        {
            "stream_index": 0,
            "pts_time": "1.880000",
            "duration_time": "0.040000",
            "size": "65049",
            "side_data_list": [
                {
                    "side_data_type": "MPEGTS Stream ID",
                    "id": 224
                }
            ]
        },
        {
            "stream_index": 1,
            "pts_time": "1.778667",
            "duration_time": "0.021333",
            "size": "532",
            "side_data_list": [
                {
                    "side_data_type": "MPEGTS Stream ID",
                    "id": 192
                }
            ]
        },
        {
            "stream_index": 1,
            "pts_time": "1.800000",
            "duration_time": "0.021333",
            "size": "524"
        },
        {
            "stream_index": 1,
            "pts_time": "1.821333",
            "duration_time": "0.021333",
            "size": "492"
        },
        {
            "stream_index": 1,
            "pts_time": "1.842667",
            "duration_time": "0.021333",
            "size": "554"
        },
        {
            "stream_index": 1,
            "pts_time": "1.864000",
            "duration_time": "0.021333",
            "size": "491"
        },
        {
            "stream_index": 0,
            "pts_time": "1.840000",
            "duration_time": "0.040000",
            "size": "47519",
            "side_data_list": [
                {
                    "side_data_type": "MPEGTS Stream ID",
                    "id": 224
                }
            ]
        },
        {
            "stream_index": 0,
            "pts_time": "1.920000",
            "duration_time": "0.040000",
            "size": "51704",
            "side_data_list": [
                {
                    "side_data_type": "MPEGTS Stream ID",
                    "id": 224
                }
            ]
        },
        {
            "stream_index": 1,
            "pts_time": "1.885333",
            "duration_time": "0.021333",
            "size": "547",
            "side_data_list": [
                {
                    "side_data_type": "MPEGTS Stream ID",
                    "id": 192
                }
            ]
        },
        {
            "stream_index": 1,
            "pts_time": "1.906667",
            "duration_time": "0.021333",
            "size": "548"
        },
        {
            "stream_index": 1,
            "pts_time": "1.928000",
            "duration_time": "0.021333",
            "size": "504"
        },
        {
            "stream_index": 1,
            "pts_time": "1.949333",
            "duration_time": "0.021333",
            "size": "512"
        },
        {
            "stream_index": 1,
            "pts_time": "1.970667",
            "duration_time": "0.021333",
            "size": "491"
        },
        {
            "stream_index": 0,
            "pts_time": "2.120000",
            "duration_time": "0.040000",
            "size": "78904",
            "side_data_list": [
                {
                    "side_data_type": "MPEGTS Stream ID",
                    "id": 224
                }
            ]
        },
        {
            "stream_index": 0,
            "pts_time": "2.040000",
            "duration_time": "0.040000",
            "size": "64909",
            "side_data_list": [
                {
                    "side_data_type": "MPEGTS Stream ID",
                    "id": 224
                }
            ]
        },
        {
            "stream_index": 0,
            "pts_time": "2.000000",
            "duration_time": "0.040000",
            "size": "48685",
            "side_data_list": [
                {
                    "side_data_type": "MPEGTS Stream ID",
                    "id": 224
                }
            ]
        },
        {
            "stream_index": 1,
            "pts_time": "1.992000",
            "duration_time": "0.021333",
            "size": "558",
            "side_data_list": [
                {
                    "side_data_type": "MPEGTS Stream ID",
                    "id": 192
                }
            ]
        },
        {
            "stream_index": 1,
            "pts_time": "2.013333",
            "duration_time": "0.021333",
            "size": "525"
        },
        {
            "stream_index": 1,
            "pts_time": "2.034667",
            "duration_time": "0.021333",
            "size": "477"
        },
        {
            "stream_index": 1,
            "pts_time": "2.056000",
            "duration_time": "0.021333",
            "size": "572"
        },
        {
            "stream_index": 1,
            "pts_time": "2.077333",
            "duration_time": "0.021333",
            "size": "494"
        },
        {
            "stream_index": 0,
            "pts_time": "2.080000",
            "duration_time": "0.040000",
            "size": "52057",
            "side_data_list": [
                {
                    "side_data_type": "MPEGTS Stream ID",
                    "id": 224
                }
            ]
        },
        {
            "stream_index": 0,
            "pts_time": "2.280000",
            "duration_time": "0.040000",
            "size": "76950",
            "side_data_list": [
                {
                    "side_data_type": "MPEGTS Stream ID",
                    "id": 224
                }
            ]
        },
        {
            "stream_index": 0,
            "pts_time": "2.200000",
            "duration_time": "0.040000",
            "size": "64257",
            "side_data_list": [
                {
                    "side_data_type": "MPEGTS Stream ID",
                    "id": 224
                }
            ]
        },
        {
            "stream_index": 1,
            "pts_time": "2.098667",
            "duration_time": "0.021333",
            "size": "523",
            "side_data_list": [
                {
                    "side_data_type": "MPEGTS Stream ID",
                    "id": 192
                }
            ]
        },
        {
            "stream_index": 1,
            "pts_time": "2.120000",
            "duration_time": "0.021333",
            "size": "498"
        },
        {
            "stream_index": 1,
            "pts_time": "2.141333",
            "duration_time": "0.021333",
            "size": "549"
        },
        {
            "stream_index": 1,
            "pts_time": "2.162667",
            "duration_time": "0.021333",
            "size": "485"
        },
        {
            "stream_index": 1,
            "pts_time": "2.184000",
            "duration_time": "0.021333",
            "size": "553"
        },
        {
            "stream_index": 0,
            "pts_time": "2.160000",
            "duration_time": "0.040000",
            "size": "49878",
            "side_data_list": [
                {
                    "side_data_type": "MPEGTS Stream ID",
                    "id": 224
                }
            ]
        },
        {
            "stream_index": 0,
            "pts_time": "2.240000",
            "duration_time": "0.040000",
            "size": "51371",
            "side_data_list": [
                {
                    "side_data_type": "MPEGTS Stream ID",
                    "id": 224
                }
            ]
        },
        {
            "stream_index": 1,
            "pts_time": "2.205333",
            "duration_time": "0.021333",
            "size": "533",
            "side_data_list": [
                {
                    "side_data_type": "MPEGTS Stream ID",
                    "id": 192
                }
            ]
        },
        {
            "stream_index": 1,
            "pts_time": "2.226667",
            "duration_time": "0.021333",
            "size": "480"
        },
        {
            "stream_index": 1,
            "pts_time": "2.248000",
            "duration_time": "0.021333",
            "size": "533"
        },
        {
            "stream_index": 1,
            "pts_time": "2.269333",
            "duration_time": "0.021333",
            "size": "527"
        },
        {
            "stream_index": 1,
            "pts_time": "2.290667",
            "duration_time": "0.021333",
            "size": "513"
        },
        {
            "stream_index": 0,
            "pts_time": "2.440000",
            "duration_time": "0.040000",
            "size": "76260",
            "side_data_list": [
                {
                    "side_data_type": "MPEGTS Stream ID",
                    "id": 224
                }
            ]
        },
        {
            "stream_index": 0,
            "pts_time": "2.360000",
            "duration_time": "0.040000",
            "size": "64152",
            "side_data_list": [
                {
                    "side_data_type": "MPEGTS Stream ID",
                    "id": 224
                }
            ]
        },
        {
            "stream_index": 0,
            "pts_time": "2.320000",
            "duration_time": "0.040000",
            "size": "51568",
            "side_data_list": [
                {
                    "side_data_type": "MPEGTS Stream ID",
                    "id": 224
                }
            ]
        },
        {
            "stream_index": 1,
            "pts_time": "2.312000",
            "duration_time": "0.021333",
            "size": "495",
            "side_data_list": [
                {
                    "side_data_type": "MPEGTS Stream ID",
                    "id": 192
                }
            ]
        },
        {
            "stream_index": 1,
            "pts_time": "2.333333",
            "duration_time": "0.021333",
            "size": "554"
        },
        {
            "stream_index": 1,
            "pts_time": "2.354667",
            "duration_time": "0.021333",
            "size": "508"
        },
        {
            "stream_index": 1,
            "pts_time": "2.376000",
            "duration_time": "0.021333",
            "size": "500"
        },
        {
            "stream_index": 1,
            "pts_time": "2.397333",
            "duration_time": "0.021333",
            "size": "547"
        },
        {
            "stream_index": 0,
            "pts_time": "2.400000",
            "duration_time": "0.040000",
            "size": "49012",
            "side_data_list": [
                {
                    "side_data_type": "MPEGTS Stream ID",
                    "id": 224
                }
            ]
        },
        {
            "stream_index": 0,
            "pts_time": "2.600000",
            "duration_time": "0.040000",
            "size": "76409",
            "side_data_list": [
                {
                    "side_data_type": "MPEGTS Stream ID",
                    "id": 224
                }
            ]
        },
        {
            "stream_index": 0,
            "pts_time": "2.520000",
            "duration_time": "0.040000",
            "size": "63481",
            "side_data_list": [
                {
                    "side_data_type": "MPEGTS Stream ID",
                    "id": 224
                }
            ]
        },
        {
            "stream_index": 1,
            "pts_time": "2.418667",
            "duration_time": "0.021333",
            "size": "502",
            "side_data_list": [
                {
                    "side_data_type": "MPEGTS Stream ID",
                    "id": 192
                }
            ]
        },
        {
            "stream_index": 1,
            "pts_time": "2.440000",
            "duration_time": "0.021333",
            "size": "515"
        },
        {
            "stream_index": 1,
            "pts_time": "2.461333",
            "duration_time": "0.021333",
            "size": "557"
        },
        {
            "stream_index": 1,
            "pts_time": "2.482667",
            "duration_time": "0.021333",
            "size": "517"
        },
        {
            "stream_index": 1,
            "pts_time": "2.504000",
            "duration_time": "0.021333",
            "size": "469"
        },
        {
            "stream_index": 0,
            "pts_time": "2.480000",
            "duration_time": "0.040000",
            "size": "50270",
            "side_data_list": [
                {
                    "side_data_type": "MPEGTS Stream ID",
                    "id": 224
                }
            ]
        },
        {
            "stream_index": 0,
            "pts_time": "2.560000",
            "duration_time": "0.040000",
            "size": "50095",
            "side_data_list": [
                {
                    "side_data_type": "MPEGTS Stream ID",
                    "id": 224
                }
            ]
        },
        {
            "stream_index": 1,
            "pts_time": "2.525333",
            "duration_time": "0.021333",
            "size": "527",
            "side_data_list": [
                {
                    "side_data_type": "MPEGTS Stream ID",
                    "id": 192
                }
            ]
        },
        {
            "stream_index": 1,
            "pts_time": "2.546667",
            "duration_time": "0.021333",
            "size": "543"
        },
        {
            "stream_index": 1,
            "pts_time": "2.568000",
            "duration_time": "0.021333",
            "size": "492"
        },
        {
            "stream_index": 1,
            "pts_time": "2.589333",
            "duration_time": "0.021333",
            "size": "560"
        },
        {
            "stream_index": 1,
            "pts_time": "2.610667",
            "duration_time": "0.021333",
            "size": "507"
        },
        {
            "stream_index": 0,
            "pts_time": "2.760000",
            "duration_time": "0.040000",
            "size": "74484",
            "side_data_list": [
                {
                    "side_data_type": "MPEGTS Stream ID",
                    "id": 224
                }
            ]
        },
        {
            "stream_index": 0,
            "pts_time": "2.680000",
            "duration_time": "0.040000",
            "size": "62469",
            "side_data_list": [
                {
                    "side_data_type": "MPEGTS Stream ID",
                    "id": 224
                }
            ]
        },
        {
            "stream_index": 0,
            "pts_time": "2.640000",
            "duration_time": "0.040000",
            "size": "49795",
            "side_data_list": [
                {
                    "side_data_type": "MPEGTS Stream ID",
                    "id": 224
                }
            ]
        },
        {
            "stream_index": 1,
            "pts_time": "2.632000",
            "duration_time": "0.021333",
            "size": "514",
            "side_data_list": [
                {
                    "side_data_type": "MPEGTS Stream ID",
                    "id": 192
                }
            ]
        },
        {
            "stream_index": 1,
            "pts_time": "2.653333",
            "duration_time": "0.021333",
            "size": "507"
        },
        {
            "stream_index": 1,
            "pts_time": "2.674667",
            "duration_time": "0.021333",
            "size": "524"
        },
        {
            "stream_index": 1,
            "pts_time": "2.696000",
            "duration_time": "0.021333",
            "size": "548"
        },
        {
            "stream_index": 1,
            "pts_time": "2.717333",
            "duration_time": "0.021333",
            "size": "472"
        },
        {
            "stream_index": 0,
            "pts_time": "2.720000",
            "duration_time": "0.040000",
            "size": "48853",
            "side_data_list": [
                {
                    "side_data_type": "MPEGTS Stream ID",
                    "id": 224
                }
            ]
        },
        {
            "stream_index": 0,
            "pts_time": "2.920000",
            "duration_time": "0.040000",
            "size": "73857",
            "side_data_list": [
                {
                    "side_data_type": "MPEGTS Stream ID",
                    "id": 224
                }
            ]
        },
        {
            "stream_index": 0,
            "pts_time": "2.840000",
            "duration_time": "0.040000",
            "size": "59146",
            "side_data_list": [
                {
                    "side_data_type": "MPEGTS Stream ID",
                    "id": 224
                }
            ]
        },
        {
            "stream_index": 1,
            "pts_time": "2.738667",
            "duration_time": "0.021333",
            "size": "553",
            "side_data_list": [
                {
                    "side_data_type": "MPEGTS Stream ID",
                    "id": 192
                }
            ]
        },
        {
            "stream_index": 1,
            "pts_time": "2.760000",
            "duration_time": "0.021333",
            "size": "514"
        },
        {
            "stream_index": 1,
            "pts_time": "2.781333",
            "duration_time": "0.021333",
            "size": "506"
        },
        {
            "stream_index": 1,
            "pts_time": "2.802667",
            "duration_time": "0.021333",
            "size": "530"
        },
        {
            "stream_index": 1,
            "pts_time": "2.824000",
            "duration_time": "0.021333",
            "size": "528"
        },
        {
            "stream_index": 0,
            "pts_time": "2.800000",
            "duration_time": "0.040000",
            "size": "43345",
            "side_data_list": [
                {
                    "side_data_type": "MPEGTS Stream ID",
                    "id": 224
                }
            ]
        },
        {
            "stream_index": 0,
            "pts_time": "2.880000",
            "duration_time": "0.040000",
            "size": "51316",
            "side_data_list": [
                {
                    "side_data_type": "MPEGTS Stream ID",
                    "id": 224
                }
            ]
        },
        {
            "stream_index": 1,
            "pts_time": "2.845333",
            "duration_time": "0.021333",
            "size": "490",
            "side_data_list": [
                {
                    "side_data_type": "MPEGTS Stream ID",
                    "id": 192
                }
            ]
        },
        {
            "stream_index": 1,
            "pts_time": "2.866667",
            "duration_time": "0.021333",
            "size": "585"
        },
        {
            "stream_index": 1,
            "pts_time": "2.888000",
            "duration_time": "0.021333",
            "size": "493"
        },
        {
            "stream_index": 1,
            "pts_time": "2.909333",
            "duration_time": "0.021333",
            "size": "484"
        },
        {
            "stream_index": 1,
            "pts_time": "2.930667",
            "duration_time": "0.021333",
            "size": "536"
        },
        {
            "stream_index": 0,
            "pts_time": "3.080000",
            "duration_time": "0.040000",
            "size": "74011",
            "side_data_list": [
                {
                    "side_data_type": "MPEGTS Stream ID",
                    "id": 224
                }
            ]
        },
        {
            "stream_index": 0,
            "pts_time": "3.000000",
            "duration_time": "0.040000",
            "size": "64120",
            "side_data_list": [
                {
                    "side_data_type": "MPEGTS Stream ID",
                    "id": 224
                }
            ]
        },
        {
            "stream_index": 0,
            "pts_time": "2.960000",
            "duration_time": "0.040000",
            "size": "45743",
            "side_data_list": [
                {
                    "side_data_type": "MPEGTS Stream ID",
                    "id": 224
                }
            ]
        },
        {
            "stream_index": 1,
            "pts_time": "2.952000",
            "duration_time": "0.021333",
            "size": "523",
            "side_data_list": [
                {
                    "side_data_type": "MPEGTS Stream ID",
                    "id": 192
                }
            ]
        },
        {
            "stream_index": 1,
            "pts_time": "2.973333",
            "duration_time": "0.021333",
            "size": "506"
        },
        {
            "stream_index": 1,
            "pts_time": "2.994667",
            "duration_time": "0.021333",
            "size": "525"
        },
        {
            "stream_index": 1,
            "pts_time": "3.016000",
            "duration_time": "0.021333",
            "size": "529"
        },
        {
            "stream_index": 1,
            "pts_time": "3.037333",
            "duration_time": "0.021333",
            "size": "516"
        },
        {
            "stream_index": 0,
            "pts_time": "3.040000",
            "duration_time": "0.040000",
            "size": "53808",
            "side_data_list": [
                {
                    "side_data_type": "MPEGTS Stream ID",
                    "id": 224
                }
            ]
        },
        {
            "stream_index": 0,
            "pts_time": "3.240000",
            "duration_time": "0.040000",
            "size": "75444",
            "side_data_list": [
                {
                    "side_data_type": "MPEGTS Stream ID",
                    "id": 224
                }
            ]
        },
        {
            "stream_index": 0,
            "pts_time": "3.160000",
            "duration_time": "0.040000",
            "size": "64109",
            "side_data_list": [
                {
                    "side_data_type": "MPEGTS Stream ID",
                    "id": 224
                }
            ]
        },
        {
            "stream_index": 1,
            "pts_time": "3.058667",
            "duration_time": "0.021333",
            "size": "509",
            "side_data_list": [
                {
                    "side_data_type": "MPEGTS Stream ID",
                    "id": 192
                }
            ]
        },
        {
            "stream_index": 1,
            "pts_time": "3.080000",
            "duration_time": "0.021333",
            "size": "505"
        },
        {
            "stream_index": 1,
            "pts_time": "3.101333",
            "duration_time": "0.021333",
            "size": "538"
        },
        {
            "stream_index": 1,
            "pts_time": "3.122667",
            "duration_time": "0.021333",
            "size": "541"
        },
        {
            "stream_index": 1,
            "pts_time": "3.144000",
            "duration_time": "0.021333",
            "size": "491"
        },
        {
            "stream_index": 0,
            "pts_time": "3.120000",
            "duration_time": "0.040000",
            "size": "46739",
            "side_data_list": [
                {
                    "side_data_type": "MPEGTS Stream ID",
                    "id": 224
                }
            ]
        },
        {
            "stream_index": 0,
            "pts_time": "3.200000",
            "duration_time": "0.040000",
            "size": "52000",
            "side_data_list": [
                {
                    "side_data_type": "MPEGTS Stream ID",
                    "id": 224
                }
            ]
        },
        {
            "stream_index": 1,
            "pts_time": "3.165333",
            "duration_time": "0.021333",
            "size": "517",
            "side_data_list": [
                {
                    "side_data_type": "MPEGTS Stream ID",
                    "id": 192
                }
            ]
        },
        {
            "stream_index": 1,
            "pts_time": "3.186667",
            "duration_time": "0.021333",
            "size": "529"
        },
        {
            "stream_index": 1,
            "pts_time": "3.208000",
            "duration_time": "0.021333",
            "size": "529"
        },
        {
            "stream_index": 1,
            "pts_time": "3.229333",
            "duration_time": "0.021333",
            "size": "515"
        },
        {
            "stream_index": 1,
            "pts_time": "3.250667",
            "duration_time": "0.021333",
            "size": "515"
        },
        {
            "stream_index": 0,
            "pts_time": "3.400000",
            "duration_time": "0.040000",
            "size": "76059",
            "side_data_list": [
                {
                    "side_data_type": "MPEGTS Stream ID",
                    "id": 224
                }
            ]
        },
        {
            "stream_index": 0,
            "pts_time": "3.320000",
            "duration_time": "0.040000",
            "size": "63243",
            "side_data_list": [
                {
                    "side_data_type": "MPEGTS Stream ID",
                    "id": 224
                }
            ]
        },
        {
            "stream_index": 0,
            "pts_time": "3.280000",
            "duration_time": "0.040000",
            "size": "45148",
            "side_data_list": [
                {
                    "side_data_type": "MPEGTS Stream ID",
                    "id": 224
                }
            ]
        },
        {
            "stream_index": 1,
            "pts_time": "3.272000",
            "duration_time": "0.021333",
            "size": "512",
            "side_data_list": [
                {
                    "side_data_type": "MPEGTS Stream ID",
                    "id": 192
                }
            ]
        },
        {
            "stream_index": 1,
            "pts_time": "3.293333",
            "duration_time": "0.021333",
            "size": "499"
        },
        {
            "stream_index": 1,
            "pts_time": "3.314667",
            "duration_time": "0.021333",
            "size": "571"
        },
        {
            "stream_index": 1,
            "pts_time": "3.336000",
            "duration_time": "0.021333",
            "size": "500"
        },
        {
            "stream_index": 1,
            "pts_time": "3.357333",
            "duration_time": "0.021333",
            "size": "518"
        },
        {
            "stream_index": 0,
            "pts_time": "3.360000",
            "duration_time": "0.040000",
            "size": "46628",
            "side_data_list": [
                {
                    "side_data_type": "MPEGTS Stream ID",
                    "id": 224
                }
            ]
        },
        {
            "stream_index": 0,
            "pts_time": "3.480000",
            "duration_time": "0.040000",
            "size": "106834",
            "side_data_list": [
                {
                    "side_data_type": "MPEGTS Stream ID",
                    "id": 224
                }
            ]
        },
        {
            "stream_index": 0,
            "pts_time": "3.440000",
            "duration_time": "0.040000",
            "size": "50837",
            "side_data_list": [
                {
                    "side_data_type": "MPEGTS Stream ID",
                    "id": 224
                }
            ]
        },
        {
            "stream_index": 1,
            "pts_time": "3.378667",
            "duration_time": "0.021333",
            "size": "478",
            "side_data_list": [
                {
                    "side_data_type": "MPEGTS Stream ID",
                    "id": 192
                }
            ]
        },
        {
            "stream_index": 1,
            "pts_time": "3.400000",
            "duration_time": "0.021333",
            "size": "591"
        },
        {
            "stream_index": 1,
            "pts_time": "3.421333",
            "duration_time": "0.021333",
            "size": "482"
        },
        {
            "stream_index": 1,
            "pts_time": "3.442667",
            "duration_time": "0.021333",
            "size": "518"
        },
        {
            "stream_index": 1,
            "pts_time": "3.464000",
            "duration_time": "0.021333",
            "size": "535"
        },
        {
            "stream_index": 0,
            "pts_time": "3.640000",
            "duration_time": "0.040000",
            "size": "78618",
            "side_data_list": [
                {
                    "side_data_type": "MPEGTS Stream ID",
                    "id": 224
                }
            ]
        },
        {
            "stream_index": 0,
            "pts_time": "3.560000",
            "duration_time": "0.040000",
            "size": "72591",
            "side_data_list": [
                {
                    "side_data_type": "MPEGTS Stream ID",
                    "id": 224
                }
            ]
        },
        {
            "stream_index": 1,
            "pts_time": "3.485333",
            "duration_time": "0.021333",
            "size": "506",
            "side_data_list": [
                {
                    "side_data_type": "MPEGTS Stream ID",
                    "id": 192
                }
            ]
        },
        {
            "stream_index": 1,
            "pts_time": "3.506667",
            "duration_time": "0.021333",
            "size": "500"
        },
        {
            "stream_index": 1,
            "pts_time": "3.528000",
            "duration_time": "0.021333",
            "size": "551"
        },
        {
            "stream_index": 1,
            "pts_time": "3.549333",
            "duration_time": "0.021333",
            "size": "533"
        },
        {
            "stream_index": 1,
            "pts_time": "3.570667",
            "duration_time": "0.021333",
            "size": "491"
        },
        {
            "stream_index": 0,
            "pts_time": "3.520000",
            "duration_time": "0.040000",
            "size": "51446",
            "side_data_list": [
                {
                    "side_data_type": "MPEGTS Stream ID",
                    "id": 224
                }
            ]
        },
        {
            "stream_index": 0,
            "pts_time": "3.600000",
            "duration_time": "0.040000",
            "size": "51399",
            "side_data_list": [
                {
                    "side_data_type": "MPEGTS Stream ID",
                    "id": 224
                }
            ]
        },
        {
            "stream_index": 0,
            "pts_time": "3.800000",
            "duration_time": "0.040000",
            "size": "78486",
            "side_data_list": [
                {
                    "side_data_type": "MPEGTS Stream ID",
                    "id": 224
                }
            ]
        },
        {
            "stream_index": 1,
            "pts_time": "3.592000",
            "duration_time": "0.021333",
            "size": "532",
            "side_data_list": [
                {
                    "side_data_type": "MPEGTS Stream ID",
                    "id": 192
                }
            ]
        },
        {
            "stream_index": 1,
            "pts_time": "3.613333",
            "duration_time": "0.021333",
            "size": "512"
        },
        {
            "stream_index": 1,
            "pts_time": "3.634667",
            "duration_time": "0.021333",
            "size": "529"
        },
        {
            "stream_index": 1,
            "pts_time": "3.656000",
            "duration_time": "0.021333",
            "size": "506"
        },
        {
            "stream_index": 1,
            "pts_time": "3.677333",
            "duration_time": "0.021333",
            "size": "533"
        },
        {
            "stream_index": 0,
            "pts_time": "3.720000",
            "duration_time": "0.040000",
            "size": "65865",
            "side_data_list": [
                {
                    "side_data_type": "MPEGTS Stream ID",
                    "id": 224
                }
            ]
        },
        {
            "stream_index": 0,
            "pts_time": "3.680000",
            "duration_time": "0.040000",
            "size": "51185",
            "side_data_list": [
                {
                    "side_data_type": "MPEGTS Stream ID",
                    "id": 224
                }
            ]
        },
        {
            "stream_index": 0,
            "pts_time": "3.760000",
            "duration_time": "0.040000",
            "size": "53360",
            "side_data_list": [
                {
                    "side_data_type": "MPEGTS Stream ID",
                    "id": 224
                }
            ]
        },
        {
            "stream_index": 1,
            "pts_time": "3.698667",
            "duration_time": "0.021333",
            "size": "483",
            "side_data_list": [
                {
                    "side_data_type": "MPEGTS Stream ID",
                    "id": 192
                }
            ]
        },
        {
            "stream_index": 1,
            "pts_time": "3.720000",
            "duration_time": "0.021333",
            "size": "537"
        },
        {
            "stream_index": 1,
            "pts_time": "3.741333",
            "duration_time": "0.021333",
            "size": "533"
        },
        {
            "stream_index": 1,
            "pts_time": "3.762667",
            "duration_time": "0.021333",
            "size": "499"
        },
        {
            "stream_index": 1,
            "pts_time": "3.784000",
            "duration_time": "0.021333",
            "size": "534"
        },
        {
            "stream_index": 0,
            "pts_time": "3.960000",
            "duration_time": "0.040000",
            "size": "79211",
            "side_data_list": [
                {
                    "side_data_type": "MPEGTS Stream ID",
                    "id": 224
                }
            ]
        },
        {
            "stream_index": 0,
            "pts_time": "3.880000",
            "duration_time": "0.040000",
            "size": "67273",
            "side_data_list": [
                {
                    "side_data_type": "MPEGTS Stream ID",
                    "id": 224
                }
            ]
        },
        {
            "stream_index": 1,
            "pts_time": "3.805333",
            "duration_time": "0.021333",
            "size": "548",
            "side_data_list": [
                {
                    "side_data_type": "MPEGTS Stream ID",
                    "id": 192
                }
            ]
        },
        {
            "stream_index": 1,
            "pts_time": "3.826667",
            "duration_time": "0.021333",
            "size": "473"
        },
        {
            "stream_index": 1,
            "pts_time": "3.848000",
            "duration_time": "0.021333",
            "size": "598"
        },
        {
            "stream_index": 1,
            "pts_time": "3.869333",
            "duration_time": "0.021333",
            "size": "482"
        },
        {
            "stream_index": 1,
            "pts_time": "3.890667",
            "duration_time": "0.021333",
            "size": "503"
        },
        {
            "stream_index": 0,
            "pts_time": "3.840000",
            "duration_time": "0.040000",
            "size": "50429",
            "side_data_list": [
                {
                    "side_data_type": "MPEGTS Stream ID",
                    "id": 224
                }
            ]
        },
        {
            "stream_index": 0,
            "pts_time": "3.920000",
            "duration_time": "0.040000",
            "size": "53719",
            "side_data_list": [
                {
                    "side_data_type": "MPEGTS Stream ID",
                    "id": 224
                }
            ]
        },
        {
            "stream_index": 0,
            "pts_time": "4.120000",
            "duration_time": "0.040000",
            "size": "79619",
            "side_data_list": [
                {
                    "side_data_type": "MPEGTS Stream ID",
                    "id": 224
                }
            ]
        },
        {
            "stream_index": 1,
            "pts_time": "3.912000",
            "duration_time": "0.021333",
            "size": "522",
            "side_data_list": [
                {
                    "side_data_type": "MPEGTS Stream ID",
                    "id": 192
                }
            ]
        },
        {
            "stream_index": 1,
            "pts_time": "3.933333",
            "duration_time": "0.021333",
            "size": "515"
        },
        {
            "stream_index": 1,
            "pts_time": "3.954667",
            "duration_time": "0.021333",
            "size": "518"
        },
        {
            "stream_index": 1,
            "pts_time": "3.976000",
            "duration_time": "0.021333",
            "size": "510"
        },
        {
            "stream_index": 1,
            "pts_time": "3.997333",
            "duration_time": "0.021333",
            "size": "524"
        },
        {
            "stream_index": 0,
            "pts_time": "4.040000",
            "duration_time": "0.040000",
            "size": "67460",
            "side_data_list": [
                {
                    "side_data_type": "MPEGTS Stream ID",
                    "id": 224
                }
            ]
        },
        {
            "stream_index": 0,
            "pts_time": "4.000000",
            "duration_time": "0.040000",
            "size": "45387",
            "side_data_list": [
                {
                    "side_data_type": "MPEGTS Stream ID",
                    "id": 224
                }
            ]
        },
        {
            "stream_index": 0,
            "pts_time": "4.080000",
            "duration_time": "0.040000",
            "size": "47740",
            "side_data_list": [
                {
                    "side_data_type": "MPEGTS Stream ID",
                    "id": 224
                }
            ]
        },
        {
            "stream_index": 1,
            "pts_time": "4.018667",
            "duration_time": "0.021333",
            "size": "523",
            "side_data_list": [
                {
                    "side_data_type": "MPEGTS Stream ID",
                    "id": 192
                }
            ]
        },
        {
            "stream_index": 1,
            "pts_time": "4.040000",
            "duration_time": "0.021333",
            "size": "531"
        },
        {
            "stream_index": 1,
            "pts_time": "4.061333",
            "duration_time": "0.021333",
            "size": "507"
        },
        {
            "stream_index": 1,
            "pts_time": "4.082667",
            "duration_time": "0.021333",
            "size": "500"
        },
        {
            "stream_index": 1,
            "pts_time": "4.104000",
            "duration_time": "0.021333",
            "size": "528"
        },
        {
            "stream_index": 0,
            "pts_time": "4.280000",
            "duration_time": "0.040000",
            "size": "79967",
            "side_data_list": [
                {
                    "side_data_type": "MPEGTS Stream ID",
                    "id": 224
                }
            ]
        },
        {
            "stream_index": 0,
            "pts_time": "4.200000",
            "duration_time": "0.040000",
            "size": "68428",
            "side_data_list": [
                {
                    "side_data_type": "MPEGTS Stream ID",
                    "id": 224
                }
            ]
        },
        {
            "stream_index": 1,
            "pts_time": "4.125333",
            "duration_time": "0.021333",
            "size": "545",
            "side_data_list": [
                {
                    "side_data_type": "MPEGTS Stream ID",
                    "id": 192
                }
            ]
        },
        {
            "stream_index": 1,
            "pts_time": "4.146667",
            "duration_time": "0.021333",
            "size": "508"
        },
        {
            "stream_index": 1,
            "pts_time": "4.168000",
            "duration_time": "0.021333",
            "size": "517"
        },
        {
            "stream_index": 1,
            "pts_time": "4.189333",
            "duration_time": "0.021333",
            "size": "518"
        },
        {
            "stream_index": 1,
            "pts_time": "4.210667",
            "duration_time": "0.021333",
            "size": "513"
        },
        {
            "stream_index": 0,
            "pts_time": "4.160000",
            "duration_time": "0.040000",
            "size": "47165",
            "side_data_list": [
                {
                    "side_data_type": "MPEGTS Stream ID",
                    "id": 224
                }
            ]
        },
        {
            "stream_index": 0,
            "pts_time": "4.240000",
            "duration_time": "0.040000",
            "size": "45835",
            "side_data_list": [
                {
                    "side_data_type": "MPEGTS Stream ID",
                    "id": 224
                }
            ]
        },
        {
            "stream_index": 0,
            "pts_time": "4.440000",
            "duration_time": "0.040000",
            "size": "80484",
            "side_data_list": [
                {
                    "side_data_type": "MPEGTS Stream ID",
                    "id": 224
                }
            ]
        },
        {
            "stream_index": 1,
            "pts_time": "4.232000",
            "duration_time": "0.021333",
            "size": "530",
            "side_data_list": [
                {
                    "side_data_type": "MPEGTS Stream ID",
                    "id": 192
                }
            ]
        },
        {
            "stream_index": 1,
            "pts_time": "4.253333",
            "duration_time": "0.021333",
            "size": "518"
        },
        {
            "stream_index": 1,
            "pts_time": "4.274667",
            "duration_time": "0.021333",
            "size": "481"
        },
        {
            "stream_index": 1,
            "pts_time": "4.296000",
            "duration_time": "0.021333",
            "size": "606"
        },
        {
            "stream_index": 1,
            "pts_time": "4.317333",
            "duration_time": "0.021333",
            "size": "484"
        },
        {
            "stream_index": 0,
            "pts_time": "4.360000",
            "duration_time": "0.040000",
            "size": "56769",
            "side_data_list": [
                {
                    "side_data_type": "MPEGTS Stream ID",
                    "id": 224
                }
            ]
        },
        {
            "stream_index": 0,
            "pts_time": "4.320000",
            "duration_time": "0.040000",
            "size": "49231",
            "side_data_list": [
                {
                    "side_data_type": "MPEGTS Stream ID",
                    "id": 224
                }
            ]
        },
        {
            "stream_index": 0,
            "pts_time": "4.400000",
            "duration_time": "0.040000",
            "size": "46517",
            "side_data_list": [
                {
                    "side_data_type": "MPEGTS Stream ID",
                    "id": 224
                }
            ]
        },
        {
            "stream_index": 1,
            "pts_time": "4.338667",
            "duration_time": "0.021333",
            "size": "494",
            "side_data_list": [
                {
                    "side_data_type": "MPEGTS Stream ID",
                    "id": 192
                }
            ]
        },
        {
            "stream_index": 1,
            "pts_time": "4.360000",
            "duration_time": "0.021333",
            "size": "541"
        },
        {
            "stream_index": 1,
            "pts_time": "4.381333",
            "duration_time": "0.021333",
            "size": "520"
        },
        {
            "stream_index": 1,
            "pts_time": "4.402667",
            "duration_time": "0.021333",
            "size": "492"
        },
        {
            "stream_index": 1,
            "pts_time": "4.424000",
            "duration_time": "0.021333",
            "size": "535"
        },
        {
            "stream_index": 0,
            "pts_time": "4.600000",
            "duration_time": "0.040000",
            "size": "81434",
            "side_data_list": [
                {
                    "side_data_type": "MPEGTS Stream ID",
                    "id": 224
                }
            ]
        },
        {
            "stream_index": 0,
            "pts_time": "4.520000",
            "duration_time": "0.040000",
            "size": "57851",
            "side_data_list": [
                {
                    "side_data_type": "MPEGTS Stream ID",
                    "id": 224
                }
            ]
        },
        {
            "stream_index": 1,
            "pts_time": "4.445333",
            "duration_time": "0.021333",
            "size": "523",
            "side_data_list": [
                {
                    "side_data_type": "MPEGTS Stream ID",
                    "id": 192
                }
            ]
        },
        {
            "stream_index": 1,
            "pts_time": "4.466667",
            "duration_time": "0.021333",
            "size": "514"
        },
        {
            "stream_index": 1,
            "pts_time": "4.488000",
            "duration_time": "0.021333",
            "size": "522"
        },
        {
            "stream_index": 1,
            "pts_time": "4.509333",
            "duration_time": "0.021333",
            "size": "514"
        },
        {
            "stream_index": 1,
            "pts_time": "4.530667",
            "duration_time": "0.021333",
            "size": "521"
        },
        {
            "stream_index": 0,
            "pts_time": "4.480000",
            "duration_time": "0.040000",
            "size": "47838",
            "side_data_list": [
                {
                    "side_data_type": "MPEGTS Stream ID",
                    "id": 224
                }
            ]
        },
        {
            "stream_index": 0,
            "pts_time": "4.560000",
            "duration_time": "0.040000",
            "size": "47254",
            "side_data_list": [
                {
                    "side_data_type": "MPEGTS Stream ID",
                    "id": 224
                }
            ]
        },
        {
            "stream_index": 0,
            "pts_time": "4.760000",
            "duration_time": "0.040000",
            "size": "81590",
            "side_data_list": [
                {
                    "side_data_type": "MPEGTS Stream ID",
                    "id": 224
                }
            ]
        },
        {
            "stream_index": 1,
            "pts_time": "4.552000",
            "duration_time": "0.021333",
            "size": "520",
            "side_data_list": [
                {
                    "side_data_type": "MPEGTS Stream ID",
                    "id": 192
                }
            ]
        },
        {
            "stream_index": 1,
            "pts_time": "4.573333",
            "duration_time": "0.021333",
            "size": "532"
        },
        {
            "stream_index": 1,
            "pts_time": "4.594667",
            "duration_time": "0.021333",
            "size": "515"
        },
        {
            "stream_index": 1,
            "pts_time": "4.616000",
            "duration_time": "0.021333",
            "size": "512"
        },
        {
            "stream_index": 1,
            "pts_time": "4.637333",
            "duration_time": "0.021333",
            "size": "516"
        },
        {
            "stream_index": 0,
            "pts_time": "4.680000",
            "duration_time": "0.040000",
            "size": "58593",
            "side_data_list": [
                {
                    "side_data_type": "MPEGTS Stream ID",
                    "id": 224
                }
            ]
        },
        {
            "stream_index": 0,
            "pts_time": "4.640000",
            "duration_time": "0.040000",
            "size": "46344",
            "side_data_list": [
                {
                    "side_data_type": "MPEGTS Stream ID",
                    "id": 224
                }
            ]
        },
        {
            "stream_index": 0,
            "pts_time": "4.720000",
            "duration_time": "0.040000",
            "size": "46953",
            "side_data_list": [
                {
                    "side_data_type": "MPEGTS Stream ID",
                    "id": 224
                }
            ]
        },
        {
            "stream_index": 1,
            "pts_time": "4.658667",
            "duration_time": "0.021333",
            "size": "518",
            "side_data_list": [
                {
                    "side_data_type": "MPEGTS Stream ID",
                    "id": 192
                }
            ]
        },
        {
            "stream_index": 1,
            "pts_time": "4.680000",
            "duration_time": "0.021333",
            "size": "526"
        },
        {
            "stream_index": 1,
            "pts_time": "4.701333",
            "duration_time": "0.021333",
            "size": "507"
        },
        {
            "stream_index": 1,
            "pts_time": "4.722667",
            "duration_time": "0.021333",
            "size": "548"
        },
        {
            "stream_index": 1,
            "pts_time": "4.744000",
            "duration_time": "0.021333",
            "size": "508"
        },
        {
            "stream_index": 0,
            "pts_time": "4.920000",
            "duration_time": "0.040000",
            "size": "81611",
            "side_data_list": [
                {
                    "side_data_type": "MPEGTS Stream ID",
                    "id": 224
                }
            ]
        },
        {
            "stream_index": 0,
            "pts_time": "4.840000",
            "duration_time": "0.040000",
            "size": "65114",
            "side_data_list": [
                {
                    "side_data_type": "MPEGTS Stream ID",
                    "id": 224
                }
            ]
        },
        {
            "stream_index": 1,
            "pts_time": "4.765333",
            "duration_time": "0.021333",
            "size": "517",
            "side_data_list": [
                {
                    "side_data_type": "MPEGTS Stream ID",
                    "id": 192
                }
            ]
        },
        {
            "stream_index": 1,
            "pts_time": "4.786667",
            "duration_time": "0.021333",
            "size": "494"
        },
        {
            "stream_index": 1,
            "pts_time": "4.808000",
            "duration_time": "0.021333",
            "size": "545"
        },
        {
            "stream_index": 1,
            "pts_time": "4.829333",
            "duration_time": "0.021333",
            "size": "517"
        },
        {
            "stream_index": 1,
            "pts_time": "4.850667",
            "duration_time": "0.021333",
            "size": "510"
        },
        {
            "stream_index": 0,
            "pts_time": "4.800000",
            "duration_time": "0.040000",
            "size": "47154",
            "side_data_list": [
                {
                    "side_data_type": "MPEGTS Stream ID",
                    "id": 224
                }
            ]
        },
        {
            "stream_index": 0,
            "pts_time": "4.880000",
            "duration_time": "0.040000",
            "size": "48068",
            "side_data_list": [
                {
                    "side_data_type": "MPEGTS Stream ID",
                    "id": 224
                }
            ]
        },
        {
            "stream_index": 0,
            "pts_time": "5.080000",
            "duration_time": "0.040000",
            "size": "81702",
            "side_data_list": [
                {
                    "side_data_type": "MPEGTS Stream ID",
                    "id": 224
                }
            ]
        },
        {
            "stream_index": 1,
            "pts_time": "4.872000",
            "duration_time": "0.021333",
            "size": "530",
            "side_data_list": [
                {
                    "side_data_type": "MPEGTS Stream ID",
                    "id": 192
                }
            ]
        },
        {
            "stream_index": 1,
            "pts_time": "4.893333",
            "duration_time": "0.021333",
            "size": "514"
        },
        {
            "stream_index": 1,
            "pts_time": "4.914667",
            "duration_time": "0.021333",
            "size": "495"
        },
        {
            "stream_index": 1,
            "pts_time": "4.936000",
            "duration_time": "0.021333",
            "size": "557"
        },
        {
            "stream_index": 1,
            "pts_time": "4.957333",
            "duration_time": "0.021333",
            "size": "516"
        },
        {
            "stream_index": 0,
            "pts_time": "5.000000",
            "duration_time": "0.040000",
            "size": "61830",
            "side_data_list": [
                {
                    "side_data_type": "MPEGTS Stream ID",
                    "id": 224
                }
            ]
        },
        {
            "stream_index": 0,
            "pts_time": "4.960000",
            "duration_time": "0.040000",
            "size": "47355",
            "side_data_list": [
                {
                    "side_data_type": "MPEGTS Stream ID",
                    "id": 224
                }
            ]
        },
        {
            "stream_index": 0,
            "pts_time": "5.040000",
            "duration_time": "0.040000",
            "size": "48497",
            "side_data_list": [
                {
                    "side_data_type": "MPEGTS Stream ID",
                    "id": 224
                }
            ]
        },
        {
            "stream_index": 1,
            "pts_time": "4.978667",
            "duration_time": "0.021333",
            "size": "523",
            "side_data_list": [
                {
                    "side_data_type": "MPEGTS Stream ID",
                    "id": 192
                }
            ]
        },
        {
            "stream_index": 1,
            "pts_time": "5.000000",
            "duration_time": "0.021333",
            "size": "501"
        },
        {
            "stream_index": 1,
            "pts_time": "5.021333",
            "duration_time": "0.021333",
            "size": "512"
        },
        {
            "stream_index": 1,
            "pts_time": "5.042667",
            "duration_time": "0.021333",
            "size": "549"
        },
        {
            "stream_index": 1,
            "pts_time": "5.064000",
            "duration_time": "0.021333",
            "size": "504"
        },
        {
            "stream_index": 0,
            "pts_time": "5.240000",
            "duration_time": "0.040000",
            "size": "83020",
            "side_data_list": [
                {
                    "side_data_type": "MPEGTS Stream ID",
                    "id": 224
                }
            ]
        },
        {
            "stream_index": 0,
            "pts_time": "5.160000",
            "duration_time": "0.040000",
            "size": "61695",
            "side_data_list": [
                {
                    "side_data_type": "MPEGTS Stream ID",
                    "id": 224
                }
            ]
        },
        {
            "stream_index": 1,
            "pts_time": "5.085333",
            "duration_time": "0.021333",
            "size": "503",
            "side_data_list": [
                {
                    "side_data_type": "MPEGTS Stream ID",
                    "id": 192
                }
            ]
        },
        {
            "stream_index": 1,
            "pts_time": "5.106667",
            "duration_time": "0.021333",
            "size": "532"
        },
        {
            "stream_index": 1,
            "pts_time": "5.128000",
            "duration_time": "0.021333",
            "size": "522"
        },
        {
            "stream_index": 1,
            "pts_time": "5.149333",
            "duration_time": "0.021333",
            "size": "508"
        },
        {
            "stream_index": 1,
            "pts_time": "5.170667",
            "duration_time": "0.021333",
            "size": "544"
        },
        {
            "stream_index": 0,
            "pts_time": "5.120000",
            "duration_time": "0.040000",
            "size": "48430",
            "side_data_list": [
                {
                    "side_data_type": "MPEGTS Stream ID",
                    "id": 224
                }
            ]
        },
        {
            "stream_index": 0,
            "pts_time": "5.200000",
            "duration_time": "0.040000",
            "size": "49889",
            "side_data_list": [
                {
                    "side_data_type": "MPEGTS Stream ID",
                    "id": 224
                }
            ]
        },
        {
            "stream_index": 0,
            "pts_time": "5.400000",
            "duration_time": "0.040000",
            "size": "82904",
            "side_data_list": [
                {
                    "side_data_type": "MPEGTS Stream ID",
                    "id": 224
                }
            ]
        },
        {
            "stream_index": 1,
            "pts_time": "5.192000",
            "duration_time": "0.021333",
            "size": "517",
            "side_data_list": [
                {
                    "side_data_type": "MPEGTS Stream ID",
                    "id": 192
                }
            ]
        },
        {
            "stream_index": 1,
            "pts_time": "5.213333",
            "duration_time": "0.021333",
            "size": "505"
        },
        {
            "stream_index": 1,
            "pts_time": "5.234667",
            "duration_time": "0.021333",
            "size": "494"
        },
        {
            "stream_index": 1,
            "pts_time": "5.256000",
            "duration_time": "0.021333",
            "size": "592"
        },
        {
            "stream_index": 1,
            "pts_time": "5.277333",
            "duration_time": "0.021333",
            "size": "470"
        },
        {
            "stream_index": 0,
            "pts_time": "5.320000",
            "duration_time": "0.040000",
            "size": "64377",
            "side_data_list": [
                {
                    "side_data_type": "MPEGTS Stream ID",
                    "id": 224
                }
            ]
        },
        {
            "stream_index": 0,
            "pts_time": "5.280000",
            "duration_time": "0.040000",
            "size": "45511",
            "side_data_list": [
                {
                    "side_data_type": "MPEGTS Stream ID",
                    "id": 224
                }
            ]
        },
        {
            "stream_index": 0,
            "pts_time": "5.360000",
            "duration_time": "0.040000",
            "size": "47777",
            "side_data_list": [
                {
                    "side_data_type": "MPEGTS Stream ID",
                    "id": 224
                }
            ]
        },
        {
            "stream_index": 1,
            "pts_time": "5.298667",
            "duration_time": "0.021333",
            "size": "525",
            "side_data_list": [
                {
                    "side_data_type": "MPEGTS Stream ID",
                    "id": 192
                }
            ]
        },
        {
            "stream_index": 1,
            "pts_time": "5.320000",
            "duration_time": "0.021333",
            "size": "529"
        },
        {
            "stream_index": 1,
            "pts_time": "5.341333",
            "duration_time": "0.021333",
            "size": "494"
        },
        {
            "stream_index": 1,
            "pts_time": "5.362667",
            "duration_time": "0.021333",
            "size": "569"
        },
        {
            "stream_index": 1,
            "pts_time": "5.384000",
            "duration_time": "0.021333",
            "size": "502"
        },
        {
            "stream_index": 0,
            "pts_time": "5.480000",
            "duration_time": "0.040000",
            "size": "115475",
            "side_data_list": [
                {
                    "side_data_type": "MPEGTS Stream ID",
                    "id": 224
                }
            ]
        },
        {
            "stream_index": 0,
            "pts_time": "5.440000",
            "duration_time": "0.040000",
            "size": "44584",
            "side_data_list": [
                {
                    "side_data_type": "MPEGTS Stream ID",
                    "id": 224
                }
            ]
        },
        {
            "stream_index": 1,
            "pts_time": "5.405333",
            "duration_time": "0.021333",
            "size": "491",
            "side_data_list": [
                {
                    "side_data_type": "MPEGTS Stream ID",
                    "id": 192
                }
            ]
        },
        {
            "stream_index": 1,
            "pts_time": "5.426667",
            "duration_time": "0.021333",
            "size": "535"
        },
        {
            "stream_index": 1,
            "pts_time": "5.448000",
            "duration_time": "0.021333",
            "size": "518"
        },
        {
            "stream_index": 1,
            "pts_time": "5.469333",
            "duration_time": "0.021333",
            "size": "513"
        },
        {
            "stream_index": 1,
            "pts_time": "5.490667",
            "duration_time": "0.021333",
            "size": "526"
        },
        {
            "stream_index": 0,
            "pts_time": "5.640000",
            "duration_time": "0.040000",
            "size": "81885",
            "side_data_list": [
                {
                    "side_data_type": "MPEGTS Stream ID",
                    "id": 224
                }
            ]
        },
        {
            "stream_index": 0,
            "pts_time": "5.560000",
            "duration_time": "0.040000",
            "size": "76753",
            "side_data_list": [
                {
                    "side_data_type": "MPEGTS Stream ID",
                    "id": 224
                }
            ]
        },
        {
            "stream_index": 0,
            "pts_time": "5.520000",
            "duration_time": "0.040000",
            "size": "45393",
            "side_data_list": [
                {
                    "side_data_type": "MPEGTS Stream ID",
                    "id": 224
                }
            ]
        },
        {
            "stream_index": 1,
            "pts_time": "5.512000",
            "duration_time": "0.021333",
            "size": "511",
            "side_data_list": [
                {
                    "side_data_type": "MPEGTS Stream ID",
                    "id": 192
                }
            ]
        },
        {
            "stream_index": 1,
            "pts_time": "5.533333",
            "duration_time": "0.021333",
            "size": "522"
        },
        {
            "stream_index": 1,
            "pts_time": "5.554667",
            "duration_time": "0.021333",
            "size": "522"
        },
        {
            "stream_index": 1,
            "pts_time": "5.576000",
            "duration_time": "0.021333",
            "size": "520"
        },
        {
            "stream_index": 1,
            "pts_time": "5.597333",
            "duration_time": "0.021333",
            "size": "523"
        },
        {
            "stream_index": 0,
            "pts_time": "5.600000",
            "duration_time": "0.040000",
            "size": "46562",
            "side_data_list": [
                {
                    "side_data_type": "MPEGTS Stream ID",
                    "id": 224
                }
            ]
        },
        {
            "stream_index": 0,
            "pts_time": "5.800000",
            "duration_time": "0.040000",
            "size": "82972",
            "side_data_list": [
                {
                    "side_data_type": "MPEGTS Stream ID",
                    "id": 224
                }
            ]
        },
        {
            "stream_index": 0,
            "pts_time": "5.720000",
            "duration_time": "0.040000",
            "size": "63643",
            "side_data_list": [
                {
                    "side_data_type": "MPEGTS Stream ID",
                    "id": 224
                }
            ]
        },
        {
            "stream_index": 1,
            "pts_time": "5.618667",
            "duration_time": "0.021333",
            "size": "512",
            "side_data_list": [
                {
                    "side_data_type": "MPEGTS Stream ID",
                    "id": 192
                }
            ]
        },
        {
            "stream_index": 1,
            "pts_time": "5.640000",
            "duration_time": "0.021333",
            "size": "519"
        },
        {
            "stream_index": 1,
            "pts_time": "5.661333",
            "duration_time": "0.021333",
            "size": "530"
        },
        {
            "stream_index": 1,
            "pts_time": "5.682667",
            "duration_time": "0.021333",
            "size": "502"
        },
        {
            "stream_index": 1,
            "pts_time": "5.704000",
            "duration_time": "0.021333",
            "size": "540"
        },
        {
            "stream_index": 0,
            "pts_time": "5.680000",
            "duration_time": "0.040000",
            "size": "46110",
            "side_data_list": [
                {
                    "side_data_type": "MPEGTS Stream ID",
                    "id": 224
                }
            ]
        },
        {
            "stream_index": 0,
            "pts_time": "5.760000",
            "duration_time": "0.040000",
            "size": "48523",
            "side_data_list": [
                {
                    "side_data_type": "MPEGTS Stream ID",
                    "id": 224
                }
            ]
        },
        {
            "stream_index": 1,
            "pts_time": "5.725333",
            "duration_time": "0.021333",
            "size": "526",
            "side_data_list": [
                {
                    "side_data_type": "MPEGTS Stream ID",
                    "id": 192
                }
            ]
        },
        {
            "stream_index": 1,
            "pts_time": "5.746667",
            "duration_time": "0.021333",
            "size": "503"
        },
        {
            "stream_index": 1,
            "pts_time": "5.768000",
            "duration_time": "0.021333",
            "size": "534"
        },
        {
            "stream_index": 1,
            "pts_time": "5.789333",
            "duration_time": "0.021333",
            "size": "516"
        },
        {
            "stream_index": 1,
            "pts_time": "5.810667",
            "duration_time": "0.021333",
            "size": "506"
        },
        {
            "stream_index": 0,
            "pts_time": "5.960000",
            "duration_time": "0.040000",
            "size": "82585",
            "side_data_list": [
                {
                    "side_data_type": "MPEGTS Stream ID",
                    "id": 224
                }
            ]
        },
        {
            "stream_index": 0,
            "pts_time": "5.880000",
            "duration_time": "0.040000",
            "size": "64653",
            "side_data_list": [
                {
                    "side_data_type": "MPEGTS Stream ID",
                    "id": 224
                }
            ]
        },
        {
            "stream_index": 0,
            "pts_time": "5.840000",
            "duration_time": "0.040000",
            "size": "44506",
            "side_data_list": [
                {
                    "side_data_type": "MPEGTS Stream ID",
                    "id": 224
                }
            ]
        },
        {
            "stream_index": 1,
            "pts_time": "5.832000",
            "duration_time": "0.021333",
            "size": "521",
            "side_data_list": [
                {
                    "side_data_type": "MPEGTS Stream ID",
                    "id": 192
                }
            ]
        },
        {
            "stream_index": 1,
            "pts_time": "5.853333",
            "duration_time": "0.021333",
            "size": "498"
        },
        {
            "stream_index": 1,
            "pts_time": "5.874667",
            "duration_time": "0.021333",
            "size": "550"
        },
        {
            "stream_index": 1,
            "pts_time": "5.896000",
            "duration_time": "0.021333",
            "size": "532"
        },
        {
            "stream_index": 1,
            "pts_time": "5.917333",
            "duration_time": "0.021333",
            "size": "485"
        },
        {
            "stream_index": 0,
            "pts_time": "5.920000",
            "duration_time": "0.040000",
            "size": "48458",
            "side_data_list": [
                {
                    "side_data_type": "MPEGTS Stream ID",
                    "id": 224
                }
            ]
        },
        {
            "stream_index": 0,
            "pts_time": "6.120000",
            "duration_time": "0.040000",
            "size": "78937",
            "side_data_list": [
                {
                    "side_data_type": "MPEGTS Stream ID",
                    "id": 224
                }
            ]
        },
        {
            "stream_index": 0,
            "pts_time": "6.040000",
            "duration_time": "0.040000",
            "size": "63040",
            "side_data_list": [
                {
                    "side_data_type": "MPEGTS Stream ID",
                    "id": 224
                }
            ]
        },
        {
            "stream_index": 1,
            "pts_time": "5.938667",
            "duration_time": "0.021333",
            "size": "538",
            "side_data_list": [
                {
                    "side_data_type": "MPEGTS Stream ID",
                    "id": 192
                }
            ]
        },
        {
            "stream_index": 1,
            "pts_time": "5.960000",
            "duration_time": "0.021333",
            "size": "512"
        },
        {
            "stream_index": 1,
            "pts_time": "5.981333",
            "duration_time": "0.021333",
            "size": "529"
        },
        {
            "stream_index": 1,
            "pts_time": "6.002667",
            "duration_time": "0.021333",
            "size": "514"
        },
        {
            "stream_index": 1,
            "pts_time": "6.024000",
            "duration_time": "0.021333",
            "size": "511"
        },
        {
            "stream_index": 0,
            "pts_time": "6.000000",
            "duration_time": "0.040000",
            "size": "45085",
            "side_data_list": [
                {
                    "side_data_type": "MPEGTS Stream ID",
                    "id": 224
                }
            ]
        },
        {
            "stream_index": 0,
            "pts_time": "6.080000",
            "duration_time": "0.040000",
            "size": "47320",
            "side_data_list": [
                {
                    "side_data_type": "MPEGTS Stream ID",
                    "id": 224
                }
            ]
        },
        {
            "stream_index": 1,
            "pts_time": "6.045333",
            "duration_time": "0.021333",
            "size": "511",
            "side_data_list": [
                {
                    "side_data_type": "MPEGTS Stream ID",
                    "id": 192
                }
            ]
        },
        {
            "stream_index": 1,
            "pts_time": "6.066667",
            "duration_time": "0.021333",
            "size": "546"
        },
        {
            "stream_index": 1,
            "pts_time": "6.088000",
            "duration_time": "0.021333",
            "size": "508"
        },
        {
            "stream_index": 1,
            "pts_time": "6.109333",
            "duration_time": "0.021333",
            "size": "509"
        },
        {
            "stream_index": 1,
            "pts_time": "6.130667",
            "duration_time": "0.021333",
            "size": "529"
        },
        {
            "stream_index": 0,
            "pts_time": "6.280000",
            "duration_time": "0.040000",
            "size": "77747",
            "side_data_list": [
                {
                    "side_data_type": "MPEGTS Stream ID",
                    "id": 224
                }
            ]
        },
        {
            "stream_index": 0,
            "pts_time": "6.200000",
            "duration_time": "0.040000",
            "size": "61896",
            "side_data_list": [
                {
                    "side_data_type": "MPEGTS Stream ID",
                    "id": 224
                }
            ]
        },
        {
            "stream_index": 0,
            "pts_time": "6.160000",
            "duration_time": "0.040000",
            "size": "43891",
            "side_data_list": [
                {
                    "side_data_type": "MPEGTS Stream ID",
                    "id": 224
                }
            ]
        },
        {
            "stream_index": 1,
            "pts_time": "6.152000",
            "duration_time": "0.021333",
            "size": "492",
            "side_data_list": [
                {
                    "side_data_type": "MPEGTS Stream ID",
                    "id": 192
                }
            ]
        },
        {
            "stream_index": 1,
            "pts_time": "6.173333",
            "duration_time": "0.021333",
            "size": "601"
        },
        {
            "stream_index": 1,
            "pts_time": "6.194667",
            "duration_time": "0.021333",
            "size": "488"
        },
        {
            "stream_index": 1,
            "pts_time": "6.216000",
            "duration_time": "0.021333",
            "size": "492"
        },
        {
            "stream_index": 1,
            "pts_time": "6.237333",
            "duration_time": "0.021333",
            "size": "536"
        },
        {
            "stream_index": 0,
            "pts_time": "6.240000",
            "duration_time": "0.040000",
            "size": "45457",
            "side_data_list": [
                {
                    "side_data_type": "MPEGTS Stream ID",
                    "id": 224
                }
            ]
        },
        {
            "stream_index": 0,
            "pts_time": "6.440000",
            "duration_time": "0.040000",
            "size": "79682",
            "side_data_list": [
                {
                    "side_data_type": "MPEGTS Stream ID",
                    "id": 224
                }
            ]
        },
        {
            "stream_index": 0,
            "pts_time": "6.360000",
            "duration_time": "0.040000",
            "size": "61152",
            "side_data_list": [
                {
                    "side_data_type": "MPEGTS Stream ID",
                    "id": 224
                }
            ]
        },
        {
            "stream_index": 1,
            "pts_time": "6.258667",
            "duration_time": "0.021333",
            "size": "505",
            "side_data_list": [
                {
                    "side_data_type": "MPEGTS Stream ID",
                    "id": 192
                }
            ]
        },
        {
            "stream_index": 1,
            "pts_time": "6.280000",
            "duration_time": "0.021333",
            "size": "522"
        },
        {
            "stream_index": 1,
            "pts_time": "6.301333",
            "duration_time": "0.021333",
            "size": "527"
        },
        {
            "stream_index": 1,
            "pts_time": "6.322667",
            "duration_time": "0.021333",
            "size": "475"
        },
        {
            "stream_index": 1,
            "pts_time": "6.344000",
            "duration_time": "0.021333",
            "size": "538"
        },
        {
            "stream_index": 0,
            "pts_time": "6.320000",
            "duration_time": "0.040000",
            "size": "47082",
            "side_data_list": [
                {
                    "side_data_type": "MPEGTS Stream ID",
                    "id": 224
                }
            ]
        },
        {
            "stream_index": 0,
            "pts_time": "6.400000",
            "duration_time": "0.040000",
            "size": "45145",
            "side_data_list": [
                {
                    "side_data_type": "MPEGTS Stream ID",
                    "id": 224
                }
            ]
        },
        {
            "stream_index": 1,
            "pts_time": "6.365333",
            "duration_time": "0.021333",
            "size": "576",
            "side_data_list": [
                {
                    "side_data_type": "MPEGTS Stream ID",
                    "id": 192
                }
            ]
        },
        {
            "stream_index": 1,
            "pts_time": "6.386667",
            "duration_time": "0.021333",
            "size": "494"
        },
        {
            "stream_index": 1,
            "pts_time": "6.408000",
            "duration_time": "0.021333",
            "size": "514"
        },
        {
            "stream_index": 1,
            "pts_time": "6.429333",
            "duration_time": "0.021333",
            "size": "514"
        },
        {
            "stream_index": 1,
            "pts_time": "6.450667",
            "duration_time": "0.021333",
            "size": "508"
        },
        {
            "stream_index": 0,
            "pts_time": "6.600000",
            "duration_time": "0.040000",
            "size": "83419",
            "side_data_list": [
                {
                    "side_data_type": "MPEGTS Stream ID",
                    "id": 224
                }
            ]
        },
        {
            "stream_index": 0,
            "pts_time": "6.520000",
            "duration_time": "0.040000",
            "size": "61840",
            "side_data_list": [
                {
                    "side_data_type": "MPEGTS Stream ID",
                    "id": 224
                }
            ]
        },
        {
            "stream_index": 0,
            "pts_time": "6.480000",
            "duration_time": "0.040000",
            "size": "45793",
            "side_data_list": [
                {
                    "side_data_type": "MPEGTS Stream ID",
                    "id": 224
                }
            ]
        },
        {
            "stream_index": 1,
            "pts_time": "6.472000",
            "duration_time": "0.021333",
            "size": "522",
            "side_data_list": [
                {
                    "side_data_type": "MPEGTS Stream ID",
                    "id": 192
                }
            ]
        },
        {
            "stream_index": 1,
            "pts_time": "6.493333",
            "duration_time": "0.021333",
            "size": "520"
        },
        {
            "stream_index": 1,
            "pts_time": "6.514667",
            "duration_time": "0.021333",
            "size": "521"
        },
        {
            "stream_index": 1,
            "pts_time": "6.536000",
            "duration_time": "0.021333",
            "size": "518"
        },
        {
            "stream_index": 1,
            "pts_time": "6.557333",
            "duration_time": "0.021333",
            "size": "533"
        },
        {
            "stream_index": 0,
            "pts_time": "6.560000",
            "duration_time": "0.040000",
            "size": "44836",
            "side_data_list": [
                {
                    "side_data_type": "MPEGTS Stream ID",
                    "id": 224
                }
            ]
        },
        {
            "stream_index": 0,
            "pts_time": "6.760000",
            "duration_time": "0.040000",
            "size": "82091",
            "side_data_list": [
                {
                    "side_data_type": "MPEGTS Stream ID",
                    "id": 224
                }
            ]
        },
        {
            "stream_index": 0,
            "pts_time": "6.680000",
            "duration_time": "0.040000",
            "size": "65055",
            "side_data_list": [
                {
                    "side_data_type": "MPEGTS Stream ID",
                    "id": 224
                }
            ]
        },
        {
            "stream_index": 1,
            "pts_time": "6.578667",
            "duration_time": "0.021333",
            "size": "517",
            "side_data_list": [
                {
                    "side_data_type": "MPEGTS Stream ID",
                    "id": 192
                }
            ]
        },
        {
            "stream_index": 1,
            "pts_time": "6.600000",
            "duration_time": "0.021333",
            "size": "510"
        },
        {
            "stream_index": 1,
            "pts_time": "6.621333",
            "duration_time": "0.021333",
            "size": "509"
        },
        {
            "stream_index": 1,
            "pts_time": "6.642667",
            "duration_time": "0.021333",
            "size": "538"
        },
        {
            "stream_index": 1,
            "pts_time": "6.664000",
            "duration_time": "0.021333",
            "size": "520"
        },
        {
            "stream_index": 0,
            "pts_time": "6.640000",
            "duration_time": "0.040000",
            "size": "46988",
            "side_data_list": [
                {
                    "side_data_type": "MPEGTS Stream ID",
                    "id": 224
                }
            ]
        },
        {
            "stream_index": 0,
            "pts_time": "6.720000",
            "duration_time": "0.040000",
            "size": "46810",
            "side_data_list": [
                {
                    "side_data_type": "MPEGTS Stream ID",
                    "id": 224
                }
            ]
        },
        {
            "stream_index": 1,
            "pts_time": "6.685333",
            "duration_time": "0.021333",
            "size": "505",
            "side_data_list": [
                {
                    "side_data_type": "MPEGTS Stream ID",
                    "id": 192
                }
            ]
        },
        {
            "stream_index": 1,
            "pts_time": "6.706667",
            "duration_time": "0.021333",
            "size": "538"
        },
        {
            "stream_index": 1,
            "pts_time": "6.728000",
            "duration_time": "0.021333",
            "size": "510"
        },
        {
            "stream_index": 1,
            "pts_time": "6.749333",
            "duration_time": "0.021333",
            "size": "517"
        },
        {
            "stream_index": 1,
            "pts_time": "6.770667",
            "duration_time": "0.021333",
            "size": "523"
        },
        {
            "stream_index": 0,
            "pts_time": "6.920000",
            "duration_time": "0.040000",
            "size": "79897",
            "side_data_list": [
                {
                    "side_data_type": "MPEGTS Stream ID",
                    "id": 224
                }
            ]
        },
        {
            "stream_index": 0,
            "pts_time": "6.840000",
            "duration_time": "0.040000",
            "size": "63203",
            "side_data_list": [
                {
                    "side_data_type": "MPEGTS Stream ID",
                    "id": 224
                }
            ]
        },
        {
            "stream_index": 0,
            "pts_time": "6.800000",
            "duration_time": "0.040000",
            "size": "46427",
            "side_data_list": [
                {
                    "side_data_type": "MPEGTS Stream ID",
                    "id": 224
                }
            ]
        },
        {
            "stream_index": 1,
            "pts_time": "6.792000",
            "duration_time": "0.021333",
            "size": "512",
            "side_data_list": [
                {
                    "side_data_type": "MPEGTS Stream ID",
                    "id": 192
                }
            ]
        },
        {
            "stream_index": 1,
            "pts_time": "6.813333",
            "duration_time": "0.021333",
            "size": "534"
        },
        {
            "stream_index": 1,
            "pts_time": "6.834667",
            "duration_time": "0.021333",
            "size": "500"
        },
        {
            "stream_index": 1,
            "pts_time": "6.856000",
            "duration_time": "0.021333",
            "size": "516"
        },
        {
            "stream_index": 1,
            "pts_time": "6.877333",
            "duration_time": "0.021333",
            "size": "546"
        },
        {
            "stream_index": 0,
            "pts_time": "6.880000",
            "duration_time": "0.040000",
            "size": "48528",
            "side_data_list": [
                {
                    "side_data_type": "MPEGTS Stream ID",
                    "id": 224
                }
            ]
        },
        {
            "stream_index": 0,
            "pts_time": "7.080000",
            "duration_time": "0.040000",
            "size": "77029",
            "side_data_list": [
                {
                    "side_data_type": "MPEGTS Stream ID",
                    "id": 224
                }
            ]
        },
        {
            "stream_index": 0,
            "pts_time": "7.000000",
            "duration_time": "0.040000",
            "size": "57680",
            "side_data_list": [
                {
                    "side_data_type": "MPEGTS Stream ID",
                    "id": 224
                }
            ]
        },
        {
            "stream_index": 1,
            "pts_time": "6.898667",
            "duration_time": "0.021333",
            "size": "510",
            "side_data_list": [
                {
                    "side_data_type": "MPEGTS Stream ID",
                    "id": 192
                }
            ]
        },
        {
            "stream_index": 1,
            "pts_time": "6.920000",
            "duration_time": "0.021333",
            "size": "523"
        },
        {
            "stream_index": 1,
            "pts_time": "6.941333",
            "duration_time": "0.021333",
            "size": "513"
        },
        {
            "stream_index": 1,
            "pts_time": "6.962667",
            "duration_time": "0.021333",
            "size": "518"
        },
        {
            "stream_index": 1,
            "pts_time": "6.984000",
            "duration_time": "0.021333",
            "size": "508"
        },
        {
            "stream_index": 0,
            "pts_time": "6.960000",
            "duration_time": "0.040000",
            "size": "46107",
            "side_data_list": [
                {
                    "side_data_type": "MPEGTS Stream ID",
                    "id": 224
                }
            ]
        },
        {
            "stream_index": 0,
            "pts_time": "7.040000",
            "duration_time": "0.040000",
            "size": "48904",
            "side_data_list": [
                {
                    "side_data_type": "MPEGTS Stream ID",
                    "id": 224
                }
            ]
        },
        {
            "stream_index": 1,
            "pts_time": "7.005333",
            "duration_time": "0.021333",
            "size": "560",
            "side_data_list": [
                {
                    "side_data_type": "MPEGTS Stream ID",
                    "id": 192
                }
            ]
        },
        {
            "stream_index": 1,
            "pts_time": "7.026667",
            "duration_time": "0.021333",
            "size": "489"
        },
        {
            "stream_index": 1,
            "pts_time": "7.048000",
            "duration_time": "0.021333",
            "size": "528"
        },
        {
            "stream_index": 1,
            "pts_time": "7.069333",
            "duration_time": "0.021333",
            "size": "506"
        },
        {
            "stream_index": 1,
            "pts_time": "7.090667",
            "duration_time": "0.021333",
            "size": "508"
        },
        {
            "stream_index": 0,
            "pts_time": "7.240000",
            "duration_time": "0.040000",
            "size": "77376",
            "side_data_list": [
                {
                    "side_data_type": "MPEGTS Stream ID",
                    "id": 224
                }
            ]
        },
        {
            "stream_index": 0,
            "pts_time": "7.160000",
            "duration_time": "0.040000",
            "size": "61296",
            "side_data_list": [
                {
                    "side_data_type": "MPEGTS Stream ID",
                    "id": 224
                }
            ]
        },
        {
            "stream_index": 0,
            "pts_time": "7.120000",
            "duration_time": "0.040000",
            "size": "47202",
            "side_data_list": [
                {
                    "side_data_type": "MPEGTS Stream ID",
                    "id": 224
                }
            ]
        },
        {
            "stream_index": 1,
            "pts_time": "7.112000",
            "duration_time": "0.021333",
            "size": "529",
            "side_data_list": [
                {
                    "side_data_type": "MPEGTS Stream ID",
                    "id": 192
                }
            ]
        },
        {
            "stream_index": 1,
            "pts_time": "7.133333",
            "duration_time": "0.021333",
            "size": "509"
        },
        {
            "stream_index": 1,
            "pts_time": "7.154667",
            "duration_time": "0.021333",
            "size": "517"
        },
        {
            "stream_index": 1,
            "pts_time": "7.176000",
            "duration_time": "0.021333",
            "size": "525"
        },
        {
            "stream_index": 1,
            "pts_time": "7.197333",
            "duration_time": "0.021333",
            "size": "516"
        },
        {
            "stream_index": 0,
            "pts_time": "7.200000",
            "duration_time": "0.040000",
            "size": "47347",
            "side_data_list": [
                {
                    "side_data_type": "MPEGTS Stream ID",
                    "id": 224
                }
            ]
        },
        {
            "stream_index": 0,
            "pts_time": "7.400000",
            "duration_time": "0.040000",
            "size": "78017",
            "side_data_list": [
                {
                    "side_data_type": "MPEGTS Stream ID",
                    "id": 224
                }
            ]
        },
        {
            "stream_index": 0,
            "pts_time": "7.320000",
            "duration_time": "0.040000",
            "size": "56065",
            "side_data_list": [
                {
                    "side_data_type": "MPEGTS Stream ID",
                    "id": 224
                }
            ]
        },
        {
            "stream_index": 1,
            "pts_time": "7.218667",
            "duration_time": "0.021333",
            "size": "512",
            "side_data_list": [
                {
                    "side_data_type": "MPEGTS Stream ID",
                    "id": 192
                }
            ]
        },
        {
            "stream_index": 1,
            "pts_time": "7.240000",
            "duration_time": "0.021333",
            "size": "534"
        },
        {
            "stream_index": 1,
            "pts_time": "7.261333",
            "duration_time": "0.021333",
            "size": "517"
        },
        {
            "stream_index": 1,
            "pts_time": "7.282667",
            "duration_time": "0.021333",
            "size": "508"
        },
        {
            "stream_index": 1,
            "pts_time": "7.304000",
            "duration_time": "0.021333",
            "size": "563"
        },
        {
            "stream_index": 0,
            "pts_time": "7.280000",
            "duration_time": "0.040000",
            "size": "44021",
            "side_data_list": [
                {
                    "side_data_type": "MPEGTS Stream ID",
                    "id": 224
                }
            ]
        },
        {
            "stream_index": 0,
            "pts_time": "7.360000",
            "duration_time": "0.040000",
            "size": "46665",
            "side_data_list": [
                {
                    "side_data_type": "MPEGTS Stream ID",
                    "id": 224
                }
            ]
        },
        {
            "stream_index": 1,
            "pts_time": "7.325333",
            "duration_time": "0.021333",
            "size": "501",
            "side_data_list": [
                {
                    "side_data_type": "MPEGTS Stream ID",
                    "id": 192
                }
            ]
        },
        {
            "stream_index": 1,
            "pts_time": "7.346667",
            "duration_time": "0.021333",
            "size": "497"
        },
        {
            "stream_index": 1,
            "pts_time": "7.368000",
            "duration_time": "0.021333",
            "size": "515"
        },
        {
            "stream_index": 1,
            "pts_time": "7.389333",
            "duration_time": "0.021333",
            "size": "529"
        },
        {
            "stream_index": 1,
            "pts_time": "7.410667",
            "duration_time": "0.021333",
            "size": "514"
        },
        {
            "stream_index": 0,
            "pts_time": "7.480000",
            "duration_time": "0.040000",
            "size": "112045",
            "side_data_list": [
                {
                    "side_data_type": "MPEGTS Stream ID",
                    "id": 224
                }
            ]
        },
        {
            "stream_index": 0,
            "pts_time": "7.440000",
            "duration_time": "0.040000",
            "size": "44917",
            "side_data_list": [
                {
                    "side_data_type": "MPEGTS Stream ID",
                    "id": 224
                }
            ]
        },
        {
            "stream_index": 0,
            "pts_time": "7.640000",
            "duration_time": "0.040000",
            "size": "83759",
            "side_data_list": [
                {
                    "side_data_type": "MPEGTS Stream ID",
                    "id": 224
                }
            ]
        },
        {
            "stream_index": 1,
            "pts_time": "7.432000",
            "duration_time": "0.021333",
            "size": "517",
            "side_data_list": [
                {
                    "side_data_type": "MPEGTS Stream ID",
                    "id": 192
                }
            ]
        },
        {
            "stream_index": 1,
            "pts_time": "7.453333",
            "duration_time": "0.021333",
            "size": "523"
        },
        {
            "stream_index": 1,
            "pts_time": "7.474667",
            "duration_time": "0.021333",
            "size": "521"
        },
        {
            "stream_index": 1,
            "pts_time": "7.496000",
            "duration_time": "0.021333",
            "size": "516"
        },
        {
            "stream_index": 1,
            "pts_time": "7.517333",
            "duration_time": "0.021333",
            "size": "522"
        },
        {
            "stream_index": 0,
            "pts_time": "7.560000",
            "duration_time": "0.040000",
            "size": "76666",
            "side_data_list": [
                {
                    "side_data_type": "MPEGTS Stream ID",
                    "id": 224
                }
            ]
        },
        {
            "stream_index": 0,
            "pts_time": "7.520000",
            "duration_time": "0.040000",
            "size": "46677",
            "side_data_list": [
                {
                    "side_data_type": "MPEGTS Stream ID",
                    "id": 224
                }
            ]
        },
        {
            "stream_index": 0,
            "pts_time": "7.600000",
            "duration_time": "0.040000",
            "size": "47404",
            "side_data_list": [
                {
                    "side_data_type": "MPEGTS Stream ID",
                    "id": 224
                }
            ]
        },
        {
            "stream_index": 1,
            "pts_time": "7.538667",
            "duration_time": "0.021333",
            "size": "524",
            "side_data_list": [
                {
                    "side_data_type": "MPEGTS Stream ID",
                    "id": 192
                }
            ]
        },
        {
            "stream_index": 1,
            "pts_time": "7.560000",
            "duration_time": "0.021333",
            "size": "519"
        },
        {
            "stream_index": 1,
            "pts_time": "7.581333",
            "duration_time": "0.021333",
            "size": "526"
        },
        {
            "stream_index": 1,
            "pts_time": "7.602667",
            "duration_time": "0.021333",
            "size": "505"
        },
        {
            "stream_index": 1,
            "pts_time": "7.624000",
            "duration_time": "0.021333",
            "size": "518"
        },
        {
            "stream_index": 0,
            "pts_time": "7.800000",
            "duration_time": "0.040000",
            "size": "83198",
            "side_data_list": [
                {
                    "side_data_type": "MPEGTS Stream ID",
                    "id": 224
                }
            ]
        },
        {
            "stream_index": 0,
            "pts_time": "7.720000",
            "duration_time": "0.040000",
            "size": "65083",
            "side_data_list": [
                {
                    "side_data_type": "MPEGTS Stream ID",
                    "id": 224
                }
            ]
        },
        {
            "stream_index": 1,
            "pts_time": "7.645333",
            "duration_time": "0.021333",
            "size": "517",
            "side_data_list": [
                {
                    "side_data_type": "MPEGTS Stream ID",
                    "id": 192
                }
            ]
        },
        {
            "stream_index": 1,
            "pts_time": "7.666667",
            "duration_time": "0.021333",
            "size": "528"
        },
        {
            "stream_index": 1,
            "pts_time": "7.688000",
            "duration_time": "0.021333",
            "size": "509"
        },
        {
            "stream_index": 1,
            "pts_time": "7.709333",
            "duration_time": "0.021333",
            "size": "517"
        },
        {
            "stream_index": 1,
            "pts_time": "7.730667",
            "duration_time": "0.021333",
            "size": "527"
        },
        {
            "stream_index": 0,
            "pts_time": "7.680000",
            "duration_time": "0.040000",
            "size": "47835",
            "side_data_list": [
                {
                    "side_data_type": "MPEGTS Stream ID",
                    "id": 224
                }
            ]
        },
        {
            "stream_index": 0,
            "pts_time": "7.760000",
            "duration_time": "0.040000",
            "size": "49401",
            "side_data_list": [
                {
                    "side_data_type": "MPEGTS Stream ID",
                    "id": 224
                }
            ]
        },
        {
            "stream_index": 0,
            "pts_time": "7.960000",
            "duration_time": "0.040000",
            "size": "83542",
            "side_data_list": [
                {
                    "side_data_type": "MPEGTS Stream ID",
                    "id": 224
                }
            ]
        },
        {
            "stream_index": 1,
            "pts_time": "7.752000",
            "duration_time": "0.021333",
            "size": "535",
            "side_data_list": [
                {
                    "side_data_type": "MPEGTS Stream ID",
                    "id": 192
                }
            ]
        },
        {
            "stream_index": 1,
            "pts_time": "7.773333",
            "duration_time": "0.021333",
            "size": "519"
        },
        {
            "stream_index": 1,
            "pts_time": "7.794667",
            "duration_time": "0.021333",
            "size": "502"
        },
        {
            "stream_index": 1,
            "pts_time": "7.816000",
            "duration_time": "0.021333",
            "size": "523"
        },
        {
            "stream_index": 1,
            "pts_time": "7.837333",
            "duration_time": "0.021333",
            "size": "511"
        },
        {
            "stream_index": 0,
            "pts_time": "7.880000",
            "duration_time": "0.040000",
            "size": "61638",
            "side_data_list": [
                {
                    "side_data_type": "MPEGTS Stream ID",
                    "id": 224
                }
            ]
        },
        {
            "stream_index": 0,
            "pts_time": "7.840000",
            "duration_time": "0.040000",
            "size": "45247",
            "side_data_list": [
                {
                    "side_data_type": "MPEGTS Stream ID",
                    "id": 224
                }
            ]
        },
        {
            "stream_index": 0,
            "pts_time": "7.920000",
            "duration_time": "0.040000",
            "size": "48913",
            "side_data_list": [
                {
                    "side_data_type": "MPEGTS Stream ID",
                    "id": 224
                }
            ]
        },
        {
            "stream_index": 1,
            "pts_time": "7.858667",
            "duration_time": "0.021333",
            "size": "531",
            "side_data_list": [
                {
                    "side_data_type": "MPEGTS Stream ID",
                    "id": 192
                }
            ]
        },
        {
            "stream_index": 1,
            "pts_time": "7.880000",
            "duration_time": "0.021333",
            "size": "509"
        },
        {
            "stream_index": 1,
            "pts_time": "7.901333",
            "duration_time": "0.021333",
            "size": "520"
        },
        {
            "stream_index": 1,
            "pts_time": "7.922667",
            "duration_time": "0.021333",
            "size": "518"
        },
        {
            "stream_index": 1,
            "pts_time": "7.944000",
            "duration_time": "0.021333",
            "size": "519"
        },
        {
            "stream_index": 0,
            "pts_time": "8.120000",
            "duration_time": "0.040000",
            "size": "82479",
            "side_data_list": [
                {
                    "side_data_type": "MPEGTS Stream ID",
                    "id": 224
                }
            ]
        },
        {
            "stream_index": 0,
            "pts_time": "8.040000",
            "duration_time": "0.040000",
            "size": "65467",
            "side_data_list": [
                {
                    "side_data_type": "MPEGTS Stream ID",
                    "id": 224
                }
            ]
        },
        {
            "stream_index": 1,
            "pts_time": "7.965333",
            "duration_time": "0.021333",
            "size": "521",
            "side_data_list": [
                {
                    "side_data_type": "MPEGTS Stream ID",
                    "id": 192
                }
            ]
        },
        {
            "stream_index": 1,
            "pts_time": "7.986667",
            "duration_time": "0.021333",
            "size": "514"
        },
        {
            "stream_index": 1,
            "pts_time": "8.008000",
            "duration_time": "0.021333",
            "size": "526"
        },
        {
            "stream_index": 1,
            "pts_time": "8.029333",
            "duration_time": "0.021333",
            "size": "520"
        },
        {
            "stream_index": 1,
            "pts_time": "8.050667",
            "duration_time": "0.021333",
            "size": "517"
        },
        {
            "stream_index": 0,
            "pts_time": "8.000000",
            "duration_time": "0.040000",
            "size": "44672",
            "side_data_list": [
                {
                    "side_data_type": "MPEGTS Stream ID",
                    "id": 224
                }
            ]
        },
        {
            "stream_index": 0,
            "pts_time": "8.080000",
            "duration_time": "0.040000",
            "size": "47790",
            "side_data_list": [
                {
                    "side_data_type": "MPEGTS Stream ID",
                    "id": 224
                }
            ]
        },
        {
            "stream_index": 0,
            "pts_time": "8.280000",
            "duration_time": "0.040000",
            "size": "82897",
            "side_data_list": [
                {
                    "side_data_type": "MPEGTS Stream ID",
                    "id": 224
                }
            ]
        },
        {
            "stream_index": 1,
            "pts_time": "8.072000",
            "duration_time": "0.021333",
            "size": "512",
            "side_data_list": [
                {
                    "side_data_type": "MPEGTS Stream ID",
                    "id": 192
                }
            ]
        },
        {
            "stream_index": 1,
            "pts_time": "8.093333",
            "duration_time": "0.021333",
            "size": "525"
        },
        {
            "stream_index": 1,
            "pts_time": "8.114667",
            "duration_time": "0.021333",
            "size": "516"
        },
        {
            "stream_index": 1,
            "pts_time": "8.136000",
            "duration_time": "0.021333",
            "size": "529"
        },
        {
            "stream_index": 1,
            "pts_time": "8.157333",
            "duration_time": "0.021333",
            "size": "517"
        },
        {
            "stream_index": 0,
            "pts_time": "8.200000",
            "duration_time": "0.040000",
            "size": "64893",
            "side_data_list": [
                {
                    "side_data_type": "MPEGTS Stream ID",
                    "id": 224
                }
            ]
        },
        {
            "stream_index": 0,
            "pts_time": "8.160000",
            "duration_time": "0.040000",
            "size": "46222",
            "side_data_list": [
                {
                    "side_data_type": "MPEGTS Stream ID",
                    "id": 224
                }
            ]
        },
        {
            "stream_index": 0,
            "pts_time": "8.240000",
            "duration_time": "0.040000",
            "size": "48590",
            "side_data_list": [
                {
                    "side_data_type": "MPEGTS Stream ID",
                    "id": 224
                }
            ]
        },
        {
            "stream_index": 1,
            "pts_time": "8.178667",
            "duration_time": "0.021333",
            "size": "506",
            "side_data_list": [
                {
                    "side_data_type": "MPEGTS Stream ID",
                    "id": 192
                }
            ]
        },
        {
            "stream_index": 1,
            "pts_time": "8.200000",
            "duration_time": "0.021333",
            "size": "528"
        },
        {
            "stream_index": 1,
            "pts_time": "8.221333",
            "duration_time": "0.021333",
            "size": "511"
        },
        {
            "stream_index": 1,
            "pts_time": "8.242667",
            "duration_time": "0.021333",
            "size": "527"
        },
        {
            "stream_index": 1,
            "pts_time": "8.264000",
            "duration_time": "0.021333",
            "size": "517"
        },
        {
            "stream_index": 0,
            "pts_time": "8.440000",
            "duration_time": "0.040000",
            "size": "82232",
            "side_data_list": [
                {
                    "side_data_type": "MPEGTS Stream ID",
                    "id": 224
                }
            ]
        },
        {
            "stream_index": 0,
            "pts_time": "8.360000",
            "duration_time": "0.040000",
            "size": "61528",
            "side_data_list": [
                {
                    "side_data_type": "MPEGTS Stream ID",
                    "id": 224
                }
            ]
        },
        {
            "stream_index": 1,
            "pts_time": "8.285333",
            "duration_time": "0.021333",
            "size": "510",
            "side_data_list": [
                {
                    "side_data_type": "MPEGTS Stream ID",
                    "id": 192
                }
            ]
        },
        {
            "stream_index": 1,
            "pts_time": "8.306667",
            "duration_time": "0.021333",
            "size": "531"
        },
        {
            "stream_index": 1,
            "pts_time": "8.328000",
            "duration_time": "0.021333",
            "size": "514"
        },
        {
            "stream_index": 1,
            "pts_time": "8.349333",
            "duration_time": "0.021333",
            "size": "524"
        },
        {
            "stream_index": 1,
            "pts_time": "8.370667",
            "duration_time": "0.021333",
            "size": "513"
        },
        {
            "stream_index": 0,
            "pts_time": "8.320000",
            "duration_time": "0.040000",
            "size": "49360",
            "side_data_list": [
                {
                    "side_data_type": "MPEGTS Stream ID",
                    "id": 224
                }
            ]
        },
        {
            "stream_index": 0,
            "pts_time": "8.400000",
            "duration_time": "0.040000",
            "size": "46438",
            "side_data_list": [
                {
                    "side_data_type": "MPEGTS Stream ID",
                    "id": 224
                }
            ]
        },
        {
            "stream_index": 0,
            "pts_time": "8.600000",
            "duration_time": "0.040000",
            "size": "82814",
            "side_data_list": [
                {
                    "side_data_type": "MPEGTS Stream ID",
                    "id": 224
                }
            ]
        },
        {
            "stream_index": 1,
            "pts_time": "8.392000",
            "duration_time": "0.021333",
            "size": "525",
            "side_data_list": [
                {
                    "side_data_type": "MPEGTS Stream ID",
                    "id": 192
                }
            ]
        },
        {
            "stream_index": 1,
            "pts_time": "8.413333",
            "duration_time": "0.021333",
            "size": "516"
        },
        {
            "stream_index": 1,
            "pts_time": "8.434667",
            "duration_time": "0.021333",
            "size": "512"
        },
        {
            "stream_index": 1,
            "pts_time": "8.456000",
            "duration_time": "0.021333",
            "size": "527"
        },
        {
            "stream_index": 1,
            "pts_time": "8.477333",
            "duration_time": "0.021333",
            "size": "518"
        },
        {
            "stream_index": 0,
            "pts_time": "8.520000",
            "duration_time": "0.040000",
            "size": "59766",
            "side_data_list": [
                {
                    "side_data_type": "MPEGTS Stream ID",
                    "id": 224
                }
            ]
        },
        {
            "stream_index": 0,
            "pts_time": "8.480000",
            "duration_time": "0.040000",
            "size": "47537",
            "side_data_list": [
                {
                    "side_data_type": "MPEGTS Stream ID",
                    "id": 224
                }
            ]
        },
        {
            "stream_index": 0,
            "pts_time": "8.560000",
            "duration_time": "0.040000",
            "size": "45546",
            "side_data_list": [
                {
                    "side_data_type": "MPEGTS Stream ID",
                    "id": 224
                }
            ]
        },
        {
            "stream_index": 1,
            "pts_time": "8.498667",
            "duration_time": "0.021333",
            "size": "519",
            "side_data_list": [
                {
                    "side_data_type": "MPEGTS Stream ID",
                    "id": 192
                }
            ]
        },
        {
            "stream_index": 1,
            "pts_time": "8.520000",
            "duration_time": "0.021333",
            "size": "516"
        },
        {
            "stream_index": 1,
            "pts_time": "8.541333",
            "duration_time": "0.021333",
            "size": "517"
        },
        {
            "stream_index": 1,
            "pts_time": "8.562667",
            "duration_time": "0.021333",
            "size": "524"
        },
        {
            "stream_index": 1,
            "pts_time": "8.584000",
            "duration_time": "0.021333",
            "size": "521"
        },
        {
            "stream_index": 0,
            "pts_time": "8.760000",
            "duration_time": "0.040000",
            "size": "82622",
            "side_data_list": [
                {
                    "side_data_type": "MPEGTS Stream ID",
                    "id": 224
                }
            ]
        },
        {
            "stream_index": 0,
            "pts_time": "8.680000",
            "duration_time": "0.040000",
            "size": "60563",
            "side_data_list": [
                {
                    "side_data_type": "MPEGTS Stream ID",
                    "id": 224
                }
            ]
        },
        {
            "stream_index": 1,
            "pts_time": "8.605333",
            "duration_time": "0.021333",
            "size": "516",
            "side_data_list": [
                {
                    "side_data_type": "MPEGTS Stream ID",
                    "id": 192
                }
            ]
        },
        {
            "stream_index": 1,
            "pts_time": "8.626667",
            "duration_time": "0.021333",
            "size": "515"
        },
        {
            "stream_index": 1,
            "pts_time": "8.648000",
            "duration_time": "0.021333",
            "size": "542"
        },
        {
            "stream_index": 1,
            "pts_time": "8.669333",
            "duration_time": "0.021333",
            "size": "506"
        },
        {
            "stream_index": 1,
            "pts_time": "8.690667",
            "duration_time": "0.021333",
            "size": "519"
        },
        {
            "stream_index": 0,
            "pts_time": "8.640000",
            "duration_time": "0.040000",
            "size": "46462",
            "side_data_list": [
                {
                    "side_data_type": "MPEGTS Stream ID",
                    "id": 224
                }
            ]
        },
        {
            "stream_index": 0,
            "pts_time": "8.720000",
            "duration_time": "0.040000",
            "size": "46372",
            "side_data_list": [
                {
                    "side_data_type": "MPEGTS Stream ID",
                    "id": 224
                }
            ]
        },
        {
            "stream_index": 0,
            "pts_time": "8.920000",
            "duration_time": "0.040000",
            "size": "82265",
            "side_data_list": [
                {
                    "side_data_type": "MPEGTS Stream ID",
                    "id": 224
                }
            ]
        },
        {
            "stream_index": 1,
            "pts_time": "8.712000",
            "duration_time": "0.021333",
            "size": "510",
            "side_data_list": [
                {
                    "side_data_type": "MPEGTS Stream ID",
                    "id": 192
                }
            ]
        },
        {
            "stream_index": 1,
            "pts_time": "8.733333",
            "duration_time": "0.021333",
            "size": "524"
        },
        {
            "stream_index": 1,
            "pts_time": "8.754667",
            "duration_time": "0.021333",
            "size": "516"
        },
        {
            "stream_index": 1,
            "pts_time": "8.776000",
            "duration_time": "0.021333",
            "size": "520"
        },
        {
            "stream_index": 1,
            "pts_time": "8.797333",
            "duration_time": "0.021333",
            "size": "521"
        },
        {
            "stream_index": 0,
            "pts_time": "8.840000",
            "duration_time": "0.040000",
            "size": "66335",
            "side_data_list": [
                {
                    "side_data_type": "MPEGTS Stream ID",
                    "id": 224
                }
            ]
        },
        {
            "stream_index": 0,
            "pts_time": "8.800000",
            "duration_time": "0.040000",
            "size": "48393",
            "side_data_list": [
                {
                    "side_data_type": "MPEGTS Stream ID",
                    "id": 224
                }
            ]
        },
        {
            "stream_index": 0,
            "pts_time": "8.880000",
            "duration_time": "0.040000",
            "size": "47964",
            "side_data_list": [
                {
                    "side_data_type": "MPEGTS Stream ID",
                    "id": 224
                }
            ]
        },
        {
            "stream_index": 1,
            "pts_time": "8.818667",
            "duration_time": "0.021333",
            "size": "524",
            "side_data_list": [
                {
                    "side_data_type": "MPEGTS Stream ID",
                    "id": 192
                }
            ]
        },
        {
            "stream_index": 1,
            "pts_time": "8.840000",
            "duration_time": "0.021333",
            "size": "511"
        },
        {
            "stream_index": 1,
            "pts_time": "8.861333",
            "duration_time": "0.021333",
            "size": "523"
        },
        {
            "stream_index": 1,
            "pts_time": "8.882667",
            "duration_time": "0.021333",
            "size": "523"
        },
        {
            "stream_index": 1,
            "pts_time": "8.904000",
            "duration_time": "0.021333",
            "size": "509"
        },
        {
            "stream_index": 0,
            "pts_time": "9.080000",
            "duration_time": "0.040000",
            "size": "80625",
            "side_data_list": [
                {
                    "side_data_type": "MPEGTS Stream ID",
                    "id": 224
                }
            ]
        },
        {
            "stream_index": 0,
            "pts_time": "9.000000",
            "duration_time": "0.040000",
            "size": "62221",
            "side_data_list": [
                {
                    "side_data_type": "MPEGTS Stream ID",
                    "id": 224
                }
            ]
        },
        {
            "stream_index": 1,
            "pts_time": "8.925333",
            "duration_time": "0.021333",
            "size": "533",
            "side_data_list": [
                {
                    "side_data_type": "MPEGTS Stream ID",
                    "id": 192
                }
            ]
        },
        {
            "stream_index": 1,
            "pts_time": "8.946667",
            "duration_time": "0.021333",
            "size": "511"
        },
        {
            "stream_index": 1,
            "pts_time": "8.968000",
            "duration_time": "0.021333",
            "size": "524"
        },
        {
            "stream_index": 1,
            "pts_time": "8.989333",
            "duration_time": "0.021333",
            "size": "512"
        },
        {
            "stream_index": 1,
            "pts_time": "9.010667",
            "duration_time": "0.021333",
            "size": "534"
        },
        {
            "stream_index": 0,
            "pts_time": "8.960000",
            "duration_time": "0.040000",
            "size": "46314",
            "side_data_list": [
                {
                    "side_data_type": "MPEGTS Stream ID",
                    "id": 224
                }
            ]
        },
        {
            "stream_index": 0,
            "pts_time": "9.040000",
            "duration_time": "0.040000",
            "size": "47916",
            "side_data_list": [
                {
                    "side_data_type": "MPEGTS Stream ID",
                    "id": 224
                }
            ]
        },
        {
            "stream_index": 0,
            "pts_time": "9.240000",
            "duration_time": "0.040000",
            "size": "79903",
            "side_data_list": [
                {
                    "side_data_type": "MPEGTS Stream ID",
                    "id": 224
                }
            ]
        },
        {
            "stream_index": 1,
            "pts_time": "9.032000",
            "duration_time": "0.021333",
            "size": "501",
            "side_data_list": [
                {
                    "side_data_type": "MPEGTS Stream ID",
                    "id": 192
                }
            ]
        },
        {
            "stream_index": 1,
            "pts_time": "9.053333",
            "duration_time": "0.021333",
            "size": "516"
        },
        {
            "stream_index": 1,
            "pts_time": "9.074667",
            "duration_time": "0.021333",
            "size": "523"
        },
        {
            "stream_index": 1,
            "pts_time": "9.096000",
            "duration_time": "0.021333",
            "size": "522"
        },
        {
            "stream_index": 1,
            "pts_time": "9.117333",
            "duration_time": "0.021333",
            "size": "523"
        },
        {
            "stream_index": 0,
            "pts_time": "9.160000",
            "duration_time": "0.040000",
            "size": "55927",
            "side_data_list": [
                {
                    "side_data_type": "MPEGTS Stream ID",
                    "id": 224
                }
            ]
        },
        {
            "stream_index": 0,
            "pts_time": "9.120000",
            "duration_time": "0.040000",
            "size": "47515",
            "side_data_list": [
                {
                    "side_data_type": "MPEGTS Stream ID",
                    "id": 224
                }
            ]
        },
        {
            "stream_index": 0,
            "pts_time": "9.200000",
            "duration_time": "0.040000",
            "size": "47979",
            "side_data_list": [
                {
                    "side_data_type": "MPEGTS Stream ID",
                    "id": 224
                }
            ]
        },
        {
            "stream_index": 1,
            "pts_time": "9.138667",
            "duration_time": "0.021333",
            "size": "520",
            "side_data_list": [
                {
                    "side_data_type": "MPEGTS Stream ID",
                    "id": 192
                }
            ]
        },
        {
            "stream_index": 1,
            "pts_time": "9.160000",
            "duration_time": "0.021333",
            "size": "515"
        },
        {
            "stream_index": 1,
            "pts_time": "9.181333",
            "duration_time": "0.021333",
            "size": "519"
        },
        {
            "stream_index": 1,
            "pts_time": "9.202667",
            "duration_time": "0.021333",
            "size": "523"
        },
        {
            "stream_index": 1,
            "pts_time": "9.224000",
            "duration_time": "0.021333",
            "size": "510"
        },
        {
            "stream_index": 0,
            "pts_time": "9.400000",
            "duration_time": "0.040000",
            "size": "79987",
            "side_data_list": [
                {
                    "side_data_type": "MPEGTS Stream ID",
                    "id": 224
                }
            ]
        },
        {
            "stream_index": 0,
            "pts_time": "9.320000",
            "duration_time": "0.040000",
            "size": "59316",
            "side_data_list": [
                {
                    "side_data_type": "MPEGTS Stream ID",
                    "id": 224
                }
            ]
        },
        {
            "stream_index": 1,
            "pts_time": "9.245333",
            "duration_time": "0.021333",
            "size": "525",
            "side_data_list": [
                {
                    "side_data_type": "MPEGTS Stream ID",
                    "id": 192
                }
            ]
        },
        {
            "stream_index": 1,
            "pts_time": "9.266667",
            "duration_time": "0.021333",
            "size": "518"
        },
        {
            "stream_index": 1,
            "pts_time": "9.288000",
            "duration_time": "0.021333",
            "size": "517"
        },
        {
            "stream_index": 1,
            "pts_time": "9.309333",
            "duration_time": "0.021333",
            "size": "526"
        },
        {
            "stream_index": 1,
            "pts_time": "9.330667",
            "duration_time": "0.021333",
            "size": "527"
        },
        {
            "stream_index": 0,
            "pts_time": "9.280000",
            "duration_time": "0.040000",
            "size": "46301",
            "side_data_list": [
                {
                    "side_data_type": "MPEGTS Stream ID",
                    "id": 224
                }
            ]
        },
        {
            "stream_index": 0,
            "pts_time": "9.360000",
            "duration_time": "0.040000",
            "size": "48631",
            "side_data_list": [
                {
                    "side_data_type": "MPEGTS Stream ID",
                    "id": 224
                }
            ]
        },
        {
            "stream_index": 0,
            "pts_time": "9.480000",
            "duration_time": "0.040000",
            "size": "110266",
            "side_data_list": [
                {
                    "side_data_type": "MPEGTS Stream ID",
                    "id": 224
                }
            ]
        },
        {
            "stream_index": 1,
            "pts_time": "9.352000",
            "duration_time": "0.021333",
            "size": "505",
            "side_data_list": [
                {
                    "side_data_type": "MPEGTS Stream ID",
                    "id": 192
                }
            ]
        },
        {
            "stream_index": 1,
            "pts_time": "9.373333",
            "duration_time": "0.021333",
            "size": "521"
        },
        {
            "stream_index": 1,
            "pts_time": "9.394667",
            "duration_time": "0.021333",
            "size": "520"
        },
        {
            "stream_index": 1,
            "pts_time": "9.416000",
            "duration_time": "0.021333",
            "size": "516"
        },
        {
            "stream_index": 1,
            "pts_time": "9.437333",
            "duration_time": "0.021333",
            "size": "517"
        },
        {
            "stream_index": 0,
            "pts_time": "9.440000",
            "duration_time": "0.040000",
            "size": "43070",
            "side_data_list": [
                {
                    "side_data_type": "MPEGTS Stream ID",
                    "id": 224
                }
            ]
        },
        {
            "stream_index": 0,
            "pts_time": "9.640000",
            "duration_time": "0.040000",
            "size": "79661",
            "side_data_list": [
                {
                    "side_data_type": "MPEGTS Stream ID",
                    "id": 224
                }
            ]
        },
        {
            "stream_index": 0,
            "pts_time": "9.560000",
            "duration_time": "0.040000",
            "size": "74177",
            "side_data_list": [
                {
                    "side_data_type": "MPEGTS Stream ID",
                    "id": 224
                }
            ]
        },
        {
            "stream_index": 1,
            "pts_time": "9.458667",
            "duration_time": "0.021333",
            "size": "519",
            "side_data_list": [
                {
                    "side_data_type": "MPEGTS Stream ID",
                    "id": 192
                }
            ]
        },
        {
            "stream_index": 1,
            "pts_time": "9.480000",
            "duration_time": "0.021333",
            "size": "512"
        },
        {
            "stream_index": 1,
            "pts_time": "9.501333",
            "duration_time": "0.021333",
            "size": "539"
        },
        {
            "stream_index": 1,
            "pts_time": "9.522667",
            "duration_time": "0.021333",
            "size": "504"
        },
        {
            "stream_index": 1,
            "pts_time": "9.544000",
            "duration_time": "0.021333",
            "size": "527"
        },
        {
            "stream_index": 0,
            "pts_time": "9.520000",
            "duration_time": "0.040000",
            "size": "44604",
            "side_data_list": [
                {
                    "side_data_type": "MPEGTS Stream ID",
                    "id": 224
                }
            ]
        },
        {
            "stream_index": 0,
            "pts_time": "9.600000",
            "duration_time": "0.040000",
            "size": "45444",
            "side_data_list": [
                {
                    "side_data_type": "MPEGTS Stream ID",
                    "id": 224
                }
            ]
        },
        {
            "stream_index": 1,
            "pts_time": "9.565333",
            "duration_time": "0.021333",
            "size": "507",
            "side_data_list": [
                {
                    "side_data_type": "MPEGTS Stream ID",
                    "id": 192
                }
            ]
        },
        {
            "stream_index": 1,
            "pts_time": "9.586667",
            "duration_time": "0.021333",
            "size": "525"
        },
        {
            "stream_index": 1,
            "pts_time": "9.608000",
            "duration_time": "0.021333",
            "size": "522"
        },
        {
            "stream_index": 1,
            "pts_time": "9.629333",
            "duration_time": "0.021333",
            "size": "520"
        },
        {
            "stream_index": 1,
            "pts_time": "9.650667",
            "duration_time": "0.021333",
            "size": "519"
        },
        {
            "stream_index": 0,
            "pts_time": "9.800000",
            "duration_time": "0.040000",
            "size": "81039",
            "side_data_list": [
                {
                    "side_data_type": "MPEGTS Stream ID",
                    "id": 224
                }
            ]
        },
        {
            "stream_index": 0,
            "pts_time": "9.720000",
            "duration_time": "0.040000",
            "size": "62503",
            "side_data_list": [
                {
                    "side_data_type": "MPEGTS Stream ID",
                    "id": 224
                }
            ]
        },
        {
            "stream_index": 0,
            "pts_time": "9.680000",
            "duration_time": "0.040000",
            "size": "45919",
            "side_data_list": [
                {
                    "side_data_type": "MPEGTS Stream ID",
                    "id": 224
                }
            ]
        },
        {
            "stream_index": 1,
            "pts_time": "9.672000",
            "duration_time": "0.021333",
            "size": "514",
            "side_data_list": [
                {
                    "side_data_type": "MPEGTS Stream ID",
                    "id": 192
                }
            ]
        },
        {
            "stream_index": 1,
            "pts_time": "9.693333",
            "duration_time": "0.021333",
            "size": "527"
        },
        {
            "stream_index": 1,
            "pts_time": "9.714667",
            "duration_time": "0.021333",
            "size": "520"
        },
        {
            "stream_index": 1,
            "pts_time": "9.736000",
            "duration_time": "0.021333",
            "size": "521"
        },
        {
            "stream_index": 1,
            "pts_time": "9.757333",
            "duration_time": "0.021333",
            "size": "513"
        },
        {
            "stream_index": 0,
            "pts_time": "9.760000",
            "duration_time": "0.040000",
            "size": "46429",
            "side_data_list": [
                {
                    "side_data_type": "MPEGTS Stream ID",
                    "id": 224
                }
            ]
        },
        {
            "stream_index": 0,
            "pts_time": "9.960000",
            "duration_time": "0.040000",
            "size": "77662",
            "side_data_list": [
                {
                    "side_data_type": "MPEGTS Stream ID",
                    "id": 224
                }
            ]
        },
        {
            "stream_index": 0,
            "pts_time": "9.880000",
            "duration_time": "0.040000",
            "size": "62151",
            "side_data_list": [
                {
                    "side_data_type": "MPEGTS Stream ID",
                    "id": 224
                }
            ]
        },
        {
            "stream_index": 1,
            "pts_time": "9.778667",
            "duration_time": "0.021333",
            "size": "528",
            "side_data_list": [
                {
                    "side_data_type": "MPEGTS Stream ID",
                    "id": 192
                }
            ]
        },
        {
            "stream_index": 1,
            "pts_time": "9.800000",
            "duration_time": "0.021333",
            "size": "524"
        },
        {
            "stream_index": 1,
            "pts_time": "9.821333",
            "duration_time": "0.021333",
            "size": "509"
        },
        {
            "stream_index": 1,
            "pts_time": "9.842667",
            "duration_time": "0.021333",
            "size": "520"
        },
        {
            "stream_index": 1,
            "pts_time": "9.864000",
            "duration_time": "0.021333",
            "size": "519"
        },
        {
            "stream_index": 0,
            "pts_time": "9.840000",
            "duration_time": "0.040000",
            "size": "44077",
            "side_data_list": [
                {
                    "side_data_type": "MPEGTS Stream ID",
                    "id": 224
                }
            ]
        },
        {
            "stream_index": 0,
            "pts_time": "9.920000",
            "duration_time": "0.040000",
            "size": "46980",
            "side_data_list": [
                {
                    "side_data_type": "MPEGTS Stream ID",
                    "id": 224
                }
            ]
        },
        {
            "stream_index": 1,
            "pts_time": "9.885333",
            "duration_time": "0.021333",
            "size": "522",
            "side_data_list": [
                {
                    "side_data_type": "MPEGTS Stream ID",
                    "id": 192
                }
            ]
        },
        {
            "stream_index": 1,
            "pts_time": "9.906667",
            "duration_time": "0.021333",
            "size": "528"
        },
        {
            "stream_index": 1,
            "pts_time": "9.928000",
            "duration_time": "0.021333",
            "size": "491"
        },
        {
            "stream_index": 1,
            "pts_time": "9.949333",
            "duration_time": "0.021333",
            "size": "537"
        },
        {
            "stream_index": 1,
            "pts_time": "9.970667",
            "duration_time": "0.021333",
            "size": "517"
        },
        {
            "stream_index": 0,
            "pts_time": "10.120000",
            "duration_time": "0.040000",
            "size": "73208",
            "side_data_list": [
                {
                    "side_data_type": "MPEGTS Stream ID",
                    "id": 224
                }
            ]
        },
        {
            "stream_index": 0,
            "pts_time": "10.040000",
            "duration_time": "0.040000",
            "size": "59767",
            "side_data_list": [
                {
                    "side_data_type": "MPEGTS Stream ID",
                    "id": 224
                }
            ]
        },
        {
            "stream_index": 0,
            "pts_time": "10.000000",
            "duration_time": "0.040000",
            "size": "43879",
            "side_data_list": [
                {
                    "side_data_type": "MPEGTS Stream ID",
                    "id": 224
                }
            ]
        },
        {
            "stream_index": 1,
            "pts_time": "9.992000",
            "duration_time": "0.021333",
            "size": "518",
            "side_data_list": [
                {
                    "side_data_type": "MPEGTS Stream ID",
                    "id": 192
                }
            ]
        },
        {
            "stream_index": 1,
            "pts_time": "10.013333",
            "duration_time": "0.021333",
            "size": "514"
        },
        {
            "stream_index": 1,
            "pts_time": "10.034667",
            "duration_time": "0.021333",
            "size": "518"
        },
        {
            "stream_index": 1,
            "pts_time": "10.056000",
            "duration_time": "0.021333",
            "size": "516"
        },
        {
            "stream_index": 1,
            "pts_time": "10.077333",
            "duration_time": "0.021333",
            "size": "519"
        },
        {
            "stream_index": 0,
            "pts_time": "10.080000",
            "duration_time": "0.040000",
            "size": "45512",
            "side_data_list": [
                {
                    "side_data_type": "MPEGTS Stream ID",
                    "id": 224
                }
            ]
        },
        {
            "stream_index": 0,
            "pts_time": "10.280000",
            "duration_time": "0.040000",
            "size": "72381",
            "side_data_list": [
                {
                    "side_data_type": "MPEGTS Stream ID",
                    "id": 224
                }
            ]
        },
        {
            "stream_index": 0,
            "pts_time": "10.200000",
            "duration_time": "0.040000",
            "size": "58751",
            "side_data_list": [
                {
                    "side_data_type": "MPEGTS Stream ID",
                    "id": 224
                }
            ]
        },
        {
            "stream_index": 1,
            "pts_time": "10.098667",
            "duration_time": "0.021333",
            "size": "520",
            "side_data_list": [
                {
                    "side_data_type": "MPEGTS Stream ID",
                    "id": 192
                }
            ]
        },
        {
            "stream_index": 1,
            "pts_time": "10.120000",
            "duration_time": "0.021333",
            "size": "518"
        },
        {
            "stream_index": 1,
            "pts_time": "10.141333",
            "duration_time": "0.021333",
            "size": "525"
        },
        {
            "stream_index": 1,
            "pts_time": "10.162667",
            "duration_time": "0.021333",
            "size": "529"
        },
        {
            "stream_index": 1,
            "pts_time": "10.184000",
            "duration_time": "0.021333",
            "size": "507"
        },
        {
            "stream_index": 0,
            "pts_time": "10.160000",
            "duration_time": "0.040000",
            "size": "45776",
            "side_data_list": [
                {
                    "side_data_type": "MPEGTS Stream ID",
                    "id": 224
                }
            ]
        },
        {
            "stream_index": 0,
            "pts_time": "10.240000",
            "duration_time": "0.040000",
            "size": "45365",
            "side_data_list": [
                {
                    "side_data_type": "MPEGTS Stream ID",
                    "id": 224
                }
            ]
        },
        {
            "stream_index": 1,
            "pts_time": "10.205333",
            "duration_time": "0.021333",
            "size": "523",
            "side_data_list": [
                {
                    "side_data_type": "MPEGTS Stream ID",
                    "id": 192
                }
            ]
        },
        {
            "stream_index": 1,
            "pts_time": "10.226667",
            "duration_time": "0.021333",
            "size": "509"
        },
        {
            "stream_index": 1,
            "pts_time": "10.248000",
            "duration_time": "0.021333",
            "size": "530"
        },
        {
            "stream_index": 1,
            "pts_time": "10.269333",
            "duration_time": "0.021333",
            "size": "518"
        },
        {
            "stream_index": 1,
            "pts_time": "10.290667",
            "duration_time": "0.021333",
            "size": "519"
        },
        {
            "stream_index": 0,
            "pts_time": "10.440000",
            "duration_time": "0.040000",
            "size": "71734",
            "side_data_list": [
                {
                    "side_data_type": "MPEGTS Stream ID",
                    "id": 224
                }
            ]
        },
        {
            "stream_index": 0,
            "pts_time": "10.360000",
            "duration_time": "0.040000",
            "size": "54634",
            "side_data_list": [
                {
                    "side_data_type": "MPEGTS Stream ID",
                    "id": 224
                }
            ]
        },
        {
            "stream_index": 0,
            "pts_time": "10.320000",
            "duration_time": "0.040000",
            "size": "44515",
            "side_data_list": [
                {
                    "side_data_type": "MPEGTS Stream ID",
                    "id": 224
                }
            ]
        },
        {
            "stream_index": 1,
            "pts_time": "10.312000",
            "duration_time": "0.021333",
            "size": "510",
            "side_data_list": [
                {
                    "side_data_type": "MPEGTS Stream ID",
                    "id": 192
                }
            ]
        },
        {
            "stream_index": 1,
            "pts_time": "10.333333",
            "duration_time": "0.021333",
            "size": "520"
        },
        {
            "stream_index": 1,
            "pts_time": "10.354667",
            "duration_time": "0.021333",
            "size": "529"
        },
        {
            "stream_index": 1,
            "pts_time": "10.376000",
            "duration_time": "0.021333",
            "size": "514"
        },
        {
            "stream_index": 1,
            "pts_time": "10.397333",
            "duration_time": "0.021333",
            "size": "518"
        },
        {
            "stream_index": 0,
            "pts_time": "10.400000",
            "duration_time": "0.040000",
            "size": "44364",
            "side_data_list": [
                {
                    "side_data_type": "MPEGTS Stream ID",
                    "id": 224
                }
            ]
        },
        {
            "stream_index": 0,
            "pts_time": "10.600000",
            "duration_time": "0.040000",
            "size": "76896",
            "side_data_list": [
                {
                    "side_data_type": "MPEGTS Stream ID",
                    "id": 224
                }
            ]
        },
        {
            "stream_index": 0,
            "pts_time": "10.520000",
            "duration_time": "0.040000",
            "size": "55505",
            "side_data_list": [
                {
                    "side_data_type": "MPEGTS Stream ID",
                    "id": 224
                }
            ]
        },
        {
            "stream_index": 1,
            "pts_time": "10.418667",
            "duration_time": "0.021333",
            "size": "523",
            "side_data_list": [
                {
                    "side_data_type": "MPEGTS Stream ID",
                    "id": 192
                }
            ]
        },
        {
            "stream_index": 1,
            "pts_time": "10.440000",
            "duration_time": "0.021333",
            "size": "525"
        },
        {
            "stream_index": 1,
            "pts_time": "10.461333",
            "duration_time": "0.021333",
            "size": "525"
        },
        {
            "stream_index": 1,
            "pts_time": "10.482667",
            "duration_time": "0.021333",
            "size": "506"
        },
        {
            "stream_index": 1,
            "pts_time": "10.504000",
            "duration_time": "0.021333",
            "size": "519"
        },
        {
            "stream_index": 0,
            "pts_time": "10.480000",
            "duration_time": "0.040000",
            "size": "44024",
            "side_data_list": [
                {
                    "side_data_type": "MPEGTS Stream ID",
                    "id": 224
                }
            ]
        },
        {
            "stream_index": 0,
            "pts_time": "10.560000",
            "duration_time": "0.040000",
            "size": "46621",
            "side_data_list": [
                {
                    "side_data_type": "MPEGTS Stream ID",
                    "id": 224
                }
            ]
        },
        {
            "stream_index": 1,
            "pts_time": "10.525333",
            "duration_time": "0.021333",
            "size": "520",
            "side_data_list": [
                {
                    "side_data_type": "MPEGTS Stream ID",
                    "id": 192
                }
            ]
        },
        {
            "stream_index": 1,
            "pts_time": "10.546667",
            "duration_time": "0.021333",
            "size": "521"
        },
        {
            "stream_index": 1,
            "pts_time": "10.568000",
            "duration_time": "0.021333",
            "size": "516"
        },
        {
            "stream_index": 1,
            "pts_time": "10.589333",
            "duration_time": "0.021333",
            "size": "518"
        },
        {
            "stream_index": 1,
            "pts_time": "10.610667",
            "duration_time": "0.021333",
            "size": "511"
        },
        {
            "stream_index": 0,
            "pts_time": "10.760000",
            "duration_time": "0.040000",
            "size": "76308",
            "side_data_list": [
                {
                    "side_data_type": "MPEGTS Stream ID",
                    "id": 224
                }
            ]
        },
        {
            "stream_index": 0,
            "pts_time": "10.680000",
            "duration_time": "0.040000",
            "size": "59515",
            "side_data_list": [
                {
                    "side_data_type": "MPEGTS Stream ID",
                    "id": 224
                }
            ]
        },
        {
            "stream_index": 0,
            "pts_time": "10.640000",
            "duration_time": "0.040000",
            "size": "46325",
            "side_data_list": [
                {
                    "side_data_type": "MPEGTS Stream ID",
                    "id": 224
                }
            ]
        },
        {
            "stream_index": 1,
            "pts_time": "10.632000",
            "duration_time": "0.021333",
            "size": "525",
            "side_data_list": [
                {
                    "side_data_type": "MPEGTS Stream ID",
                    "id": 192
                }
            ]
        },
        {
            "stream_index": 1,
            "pts_time": "10.653333",
            "duration_time": "0.021333",
            "size": "510"
        },
        {
            "stream_index": 1,
            "pts_time": "10.674667",
            "duration_time": "0.021333",
            "size": "525"
        },
        {
            "stream_index": 1,
            "pts_time": "10.696000",
            "duration_time": "0.021333",
            "size": "514"
        },
        {
            "stream_index": 1,
            "pts_time": "10.717333",
            "duration_time": "0.021333",
            "size": "535"
        },
        {
            "stream_index": 0,
            "pts_time": "10.720000",
            "duration_time": "0.040000",
            "size": "44993",
            "side_data_list": [
                {
                    "side_data_type": "MPEGTS Stream ID",
                    "id": 224
                }
            ]
        },
        {
            "stream_index": 0,
            "pts_time": "10.920000",
            "duration_time": "0.040000",
            "size": "76305",
            "side_data_list": [
                {
                    "side_data_type": "MPEGTS Stream ID",
                    "id": 224
                }
            ]
        },
        {
            "stream_index": 0,
            "pts_time": "10.840000",
            "duration_time": "0.040000",
            "size": "60163",
            "side_data_list": [
                {
                    "side_data_type": "MPEGTS Stream ID",
                    "id": 224
                }
            ]
        },
        {
            "stream_index": 1,
            "pts_time": "10.738667",
            "duration_time": "0.021333",
            "size": "512",
            "side_data_list": [
                {
                    "side_data_type": "MPEGTS Stream ID",
                    "id": 192
                }
            ]
        },
        {
            "stream_index": 1,
            "pts_time": "10.760000",
            "duration_time": "0.021333",
            "size": "513"
        },
        {
            "stream_index": 1,
            "pts_time": "10.781333",
            "duration_time": "0.021333",
            "size": "527"
        },
        {
            "stream_index": 1,
            "pts_time": "10.802667",
            "duration_time": "0.021333",
            "size": "516"
        },
        {
            "stream_index": 1,
            "pts_time": "10.824000",
            "duration_time": "0.021333",
            "size": "515"
        },
        {
            "stream_index": 0,
            "pts_time": "10.800000",
            "duration_time": "0.040000",
            "size": "45606",
            "side_data_list": [
                {
                    "side_data_type": "MPEGTS Stream ID",
                    "id": 224
                }
            ]
        },
        {
            "stream_index": 0,
            "pts_time": "10.880000",
            "duration_time": "0.040000",
            "size": "47748",
            "side_data_list": [
                {
                    "side_data_type": "MPEGTS Stream ID",
                    "id": 224
                }
            ]
        },
        {
            "stream_index": 1,
            "pts_time": "10.845333",
            "duration_time": "0.021333",
            "size": "525",
            "side_data_list": [
                {
                    "side_data_type": "MPEGTS Stream ID",
                    "id": 192
                }
            ]
        },
        {
            "stream_index": 1,
            "pts_time": "10.866667",
            "duration_time": "0.021333",
            "size": "517"
        },
        {
            "stream_index": 1,
            "pts_time": "10.888000",
            "duration_time": "0.021333",
            "size": "505"
        },
        {
            "stream_index": 1,
            "pts_time": "10.909333",
            "duration_time": "0.021333",
            "size": "633"
        },
        {
            "stream_index": 1,
            "pts_time": "10.930667",
            "duration_time": "0.021333",
            "size": "453"
        },
        {
            "stream_index": 0,
            "pts_time": "11.080000",
            "duration_time": "0.040000",
            "size": "72681",
            "side_data_list": [
                {
                    "side_data_type": "MPEGTS Stream ID",
                    "id": 224
                }
            ]
        },
        {
            "stream_index": 0,
            "pts_time": "11.000000",
            "duration_time": "0.040000",
            "size": "57270",
            "side_data_list": [
                {
                    "side_data_type": "MPEGTS Stream ID",
                    "id": 224
                }
            ]
        },
        {
            "stream_index": 0,
            "pts_time": "10.960000",
            "duration_time": "0.040000",
            "size": "46976",
            "side_data_list": [
                {
                    "side_data_type": "MPEGTS Stream ID",
                    "id": 224
                }
            ]
        },
        {
            "stream_index": 1,
            "pts_time": "10.952000",
            "duration_time": "0.021333",
            "size": "508",
            "side_data_list": [
                {
                    "side_data_type": "MPEGTS Stream ID",
                    "id": 192
                }
            ]
        },
        {
            "stream_index": 1,
            "pts_time": "10.973333",
            "duration_time": "0.021333",
            "size": "497"
        },
        {
            "stream_index": 1,
            "pts_time": "10.994667",
            "duration_time": "0.021333",
            "size": "593"
        },
        {
            "stream_index": 1,
            "pts_time": "11.016000",
            "duration_time": "0.021333",
            "size": "476"
        },
        {
            "stream_index": 1,
            "pts_time": "11.037333",
            "duration_time": "0.021333",
            "size": "500"
        },
        {
            "stream_index": 0,
            "pts_time": "11.040000",
            "duration_time": "0.040000",
            "size": "46906",
            "side_data_list": [
                {
                    "side_data_type": "MPEGTS Stream ID",
                    "id": 224
                }
            ]
        },
        {
            "stream_index": 0,
            "pts_time": "11.240000",
            "duration_time": "0.040000",
            "size": "72301",
            "side_data_list": [
                {
                    "side_data_type": "MPEGTS Stream ID",
                    "id": 224
                }
            ]
        },
        {
            "stream_index": 0,
            "pts_time": "11.160000",
            "duration_time": "0.040000",
            "size": "55130",
            "side_data_list": [
                {
                    "side_data_type": "MPEGTS Stream ID",
                    "id": 224
                }
            ]
        },
        {
            "stream_index": 1,
            "pts_time": "11.058667",
            "duration_time": "0.021333",
            "size": "580",
            "side_data_list": [
                {
                    "side_data_type": "MPEGTS Stream ID",
                    "id": 192
                }
            ]
        },
        {
            "stream_index": 1,
            "pts_time": "11.080000",
            "duration_time": "0.021333",
            "size": "473"
        },
        {
            "stream_index": 1,
            "pts_time": "11.101333",
            "duration_time": "0.021333",
            "size": "564"
        },
        {
            "stream_index": 1,
            "pts_time": "11.122667",
            "duration_time": "0.021333",
            "size": "467"
        },
        {
            "stream_index": 1,
            "pts_time": "11.144000",
            "duration_time": "0.021333",
            "size": "576"
        },
        {
            "stream_index": 0,
            "pts_time": "11.120000",
            "duration_time": "0.040000",
            "size": "45955",
            "side_data_list": [
                {
                    "side_data_type": "MPEGTS Stream ID",
                    "id": 224
                }
            ]
        },
        {
            "stream_index": 0,
            "pts_time": "11.200000",
            "duration_time": "0.040000",
            "size": "45779",
            "side_data_list": [
                {
                    "side_data_type": "MPEGTS Stream ID",
                    "id": 224
                }
            ]
        },
        {
            "stream_index": 1,
            "pts_time": "11.165333",
            "duration_time": "0.021333",
            "size": "464",
            "side_data_list": [
                {
                    "side_data_type": "MPEGTS Stream ID",
                    "id": 192
                }
            ]
        },
        {
            "stream_index": 1,
            "pts_time": "11.186667",
            "duration_time": "0.021333",
            "size": "549"
        },
        {
            "stream_index": 1,
            "pts_time": "11.208000",
            "duration_time": "0.021333",
            "size": "472"
        },
        {
            "stream_index": 1,
            "pts_time": "11.229333",
            "duration_time": "0.021333",
            "size": "615"
        },
        {
            "stream_index": 1,
            "pts_time": "11.250667",
            "duration_time": "0.021333",
            "size": "461"
        },
        {
            "stream_index": 0,
            "pts_time": "11.400000",
            "duration_time": "0.040000",
            "size": "72114",
            "side_data_list": [
                {
                    "side_data_type": "MPEGTS Stream ID",
                    "id": 224
                }
            ]
        },
        {
            "stream_index": 0,
            "pts_time": "11.320000",
            "duration_time": "0.040000",
            "size": "56110",
            "side_data_list": [
                {
                    "side_data_type": "MPEGTS Stream ID",
                    "id": 224
                }
            ]
        },
        {
            "stream_index": 0,
            "pts_time": "11.280000",
            "duration_time": "0.040000",
            "size": "44374",
            "side_data_list": [
                {
                    "side_data_type": "MPEGTS Stream ID",
                    "id": 224
                }
            ]
        },
        {
            "stream_index": 1,
            "pts_time": "11.272000",
            "duration_time": "0.021333",
            "size": "505",
            "side_data_list": [
                {
                    "side_data_type": "MPEGTS Stream ID",
                    "id": 192
                }
            ]
        },
        {
            "stream_index": 1,
            "pts_time": "11.293333",
            "duration_time": "0.021333",
            "size": "543"
        },
        {
            "stream_index": 1,
            "pts_time": "11.314667",
            "duration_time": "0.021333",
            "size": "474"
        },
        {
            "stream_index": 1,
            "pts_time": "11.336000",
            "duration_time": "0.021333",
            "size": "626"
        },
        {
            "stream_index": 1,
            "pts_time": "11.357333",
            "duration_time": "0.021333",
            "size": "452"
        },
        {
            "stream_index": 1,
            "pts_time": "11.378667",
            "duration_time": "0.021333",
            "size": "517",
            "side_data_list": [
                {
                    "side_data_type": "MPEGTS Stream ID",
                    "id": 192
                }
            ]
        },
        {
            "stream_index": 1,
            "pts_time": "11.400000",
            "duration_time": "0.021333",
            "size": "514"
        },
        {
            "stream_index": 1,
            "pts_time": "11.421333",
            "duration_time": "0.021333",
            "size": "511"
        },
        {
            "stream_index": 1,
            "pts_time": "11.442667",
            "duration_time": "0.021333",
            "size": "533"
        },
        {
            "stream_index": 1,
            "pts_time": "11.464000",
            "duration_time": "0.021333",
            "size": "487"
        },
        {
            "stream_index": 0,
            "pts_time": "11.360000",
            "duration_time": "0.040000",
            "size": "45475",
            "side_data_list": [
                {
                    "side_data_type": "MPEGTS Stream ID",
                    "id": 224
                }
            ]
        },
        {
            "stream_index": 0,
            "pts_time": "11.440000",
            "duration_time": "0.040000",
            "size": "56567"
        }
    ]
}
